rc,region,ЕР,ЛДПР,ППД,Зелёные,СРЗП,Родина,КПРФ,Пенсионеры,Коммунисты России,Новые люди,valid
10,Республика Карелия,11727,4138,103,1059,4907,232,3559,698,358,5151,31932
11,Республика Коми,29665,9549,223,1927,3429,500,11816,1998,980,10596,70683
12,Республика Марий Эл,40358,5244,207,1098,2426,301,14960,1122,1100,7543,74359
18,Удмуртская Республика,67564,12544,377,2637,5305,663,14884,1925,1313,19695,126907
2,Республика Алтай,16951,2255,66,376,895,136,3913,297,412,2780,28081
21,Чувашская Республика - Чувашия,94025,12213,487,2443,8572,708,17352,2381,1644,20515,160340
22,Алтайский край,118416,23233,677,3671,11659,1178,27684,3651,3242,32759,226170
29,Архангельская область,33721,11772,391,1667,4996,414,9593,3247,878,11997,78676
31,Белгородская область,52323,14764,491,2037,7358,1085,14644,3197,1874,17518,115291
33,Владимирская область,34486,9088,270,1736,3527,629,9364,1358,821,11192,72471
35,Вологодская область,16086,7993,187,1052,2886,337,10379,1497,825,8865,50107
39,Калининградская область,34142,6863,339,1280,2849,418,6678,1042,747,9438,63796
40,Калужская область,34804,7485,279,1627,4687,603,7635,1543,718,11117,70498
44,Костромская область,15874,3643,124,723,1439,249,4146,689,356,5731,32974
45,Курганская область,13131,4416,133,664,1601,230,3601,658,377,6097,30908
48,Липецкая область,39582,8659,244,1639,3720,575,11373,1840,1170,12105,80907
49,Магаданская область,3303,887,28,157,353,59,923,136,114,1043,7003
50,Московская область,354861,64352,2615,15102,30850,6126,72330,15788,7884,93685,663593
51,Мурманская область,18084,5584,183,1032,2980,349,4641,1269,493,6721,41336
52,Нижегородская область,65339,15660,653,2962,8186,1480,19639,2973,1629,22836,141357
53,Новгородская область,25217,5152,197,1144,2854,327,5224,1320,658,7420,49513
54,Новосибирская область,84590,17945,758,3799,8123,1747,20754,3348,1974,27290,170328
60,Псковская область,25533,5077,201,1047,2956,408,5796,1039,579,6836,49472
61,Ростовская область,116650,26189,1158,5689,9833,4019,30239,4635,3448,36065,237925
66,Свердловская область,141391,32730,1405,6651,19893,2218,35623,5586,3742,51069,300308
67,Смоленская область,55669,10097,305,2025,5139,782,9746,2083,1208,14793,101847
70,Томская область,43224,8309,325,1645,7230,467,10027,1389,990,13753,87359
74,Челябинская область,65165,21618,940,2805,21758,1242,20561,4480,2178,34810,175557
76,Ярославская область,38900,8693,230,2105,6755,578,9363,1601,709,14068,83002
83,Ненецкий автономный округ,2551,602,13,49,206,48,806,68,32,462,4837
90,Пермский край,50976,18979,560,2759,7916,989,20038,4137,1803,25505,133662
93,Республика Крым,42393,6433,365,1972,2841,752,7269,1184,816,10761,74786
