region,district,contracts,mapping,candidate,position,deg_votes
Алтайский край,Алтайский край – Барнаульский,27,reconstructed,БЕССАРАБОВ Даниил Владимирович,0,34112
Алтайский край,Алтайский край – Барнаульский,27,reconstructed,ГУЛЯЕВ Владимир Георгиевич,1,1968
Алтайский край,Алтайский край – Барнаульский,27,reconstructed,МОЛОТОВ Александр Владимирович,2,4003
Алтайский край,Алтайский край – Барнаульский,27,reconstructed,ПИСАНОВА Ольга Анатольевна,3,7136
Алтайский край,Алтайский край – Барнаульский,27,reconstructed,РЕКА Артем Александрович,4,3430
Алтайский край,Алтайский край – Барнаульский,27,reconstructed,ХРУСТАЛЕВА Елена Викторовна,5,2766
Алтайский край,Алтайский край – Барнаульский,27,reconstructed,ЧЕРНОБАЙ Андрей Борисович,6,9143
Алтайский край,Алтайский край – Барнаульский,27,reconstructed,ШУДРА Ирина Павловна,7,6168
Алтайский край,Алтайский край – Бийский,20,exact,АРЦИБАШЕВ Антон Игоревич,0,9860
Алтайский край,Алтайский край – Бийский,20,exact,ГАЛИЦКАЯ Анна Владимировна,1,11581
Алтайский край,Алтайский край – Бийский,20,exact,КАЛАШНИК Павел Вадимович,2,4708
Алтайский край,Алтайский край – Бийский,20,exact,ЛООР Иван Иванович,3,35007
Алтайский край,Алтайский край – Бийский,20,exact,СЕМЁНОВ Владимир Владиславович,4,7128
Алтайский край,Алтайский край – Бийский,20,exact,ТЕРЕНТЬЕВ Александр Васильевич,5,6369
Алтайский край,Алтайский край – Бийский,20,exact,ЦИВИЛЕВА Людмила Владимировна,6,4984
Алтайский край,Алтайский край – Славгородский,28,reconstructed,БОРОВИКОВА Евгения Анатольевна,0,6822
Алтайский край,Алтайский край – Славгородский,28,reconstructed,БУЛАЕВ Сергей Сергеевич,1,6867
Алтайский край,Алтайский край – Славгородский,28,reconstructed,ГААЗЕ Юлия Сергеевна,2,1982
Алтайский край,Алтайский край – Славгородский,28,reconstructed,ГОЛОБОРОДЬКО Денис Александрович,3,37501
Алтайский край,Алтайский край – Славгородский,28,reconstructed,КЛЮШНИКОВА Людмила Викторовна,4,6203
Алтайский край,Алтайский край – Славгородский,28,reconstructed,ПРУСАКОВА Галина Владимировна,5,4372
Алтайский край,Алтайский край – Славгородский,28,reconstructed,СТРАНЦОВ Игорь Алексеевич,6,6985
Алтайский край,Алтайский край – Славгородский,28,reconstructed,ТКАЧЕНКО Андрей Сергеевич,7,5653
Архангельская область,Архангельская область – Архангельский,11,exact,АЛЕСКЕРОВ Кирилл Гамидович,0,4520
Архангельская область,Архангельская область – Архангельский,11,exact,АРСЕНТЬЕВ Игорь Валентинович,1,18131
Архангельская область,Архангельская область – Архангельский,11,exact,ВИРИВСКИЙ Владислав Дмитриевич,2,3440
Архангельская область,Архангельская область – Архангельский,11,exact,ГРЕВЦОВ Александр Викторович,3,4577
Архангельская область,Архангельская область – Архангельский,11,exact,ЖДАНОВА Юлия Сергеевна,4,3323
Архангельская область,Архангельская область – Архангельский,11,exact,ЛАПТЕВ Вадим Геннадьевич,5,3097
Архангельская область,Архангельская область – Архангельский,11,exact,СОЛОВЬЕВ Степан Геннадьевич,6,423
Архангельская область,Архангельская область – Архангельский,11,exact,ТИХОНОВ Виктор Николаевич,7,1777
Архангельская область,Архангельская область – Архангельский,11,exact,ЯЦЕНКО Инга Александровна,8,548
Архангельская область,Архангельская область – Котласский,21,exact,ИВАШИНА Наталья Вячеславовна,0,5765
Архангельская область,Архангельская область – Котласский,21,exact,КАРАКИН Андрей Евгеньевич,1,4473
Архангельская область,Архангельская область – Котласский,21,exact,КИСЛОВ Владимир Александрович,2,6567
Архангельская область,Архангельская область – Котласский,21,exact,КУДЗАГОВА Александра Андреевна,3,825
Архангельская область,Архангельская область – Котласский,21,exact,ПИСКУНОВ Максим Владимирович,4,2062
Архангельская область,Архангельская область – Котласский,21,exact,ХАРЧЕНКО Мария Борисовна,5,11728
Архангельская область,Архангельская область – Котласский,21,exact,ЧЕРНЕНКО Олег Витальевич,6,6795
Белгородская область,Белгородская область – Белгородский,10,reconstructed,АБЕЛЬМАЗОВ Владимир Викторович,0,6095
Белгородская область,Белгородская область – Белгородский,10,reconstructed,ГУКОВА Ирина Николаевна,1,11314
Белгородская область,Белгородская область – Белгородский,10,reconstructed,ДРЕМОВ Евгений Александрович,2,8759
Белгородская область,Белгородская область – Белгородский,10,reconstructed,КОСТЮКОВ Илья Романович,3,4370
Белгородская область,Белгородская область – Белгородский,10,reconstructed,РУМЯНЦЕВ Никита Геннадьевич,4,19274
Белгородская область,Белгородская область – Белгородский,10,reconstructed,ХАРЫБИН Александр Владимирович,5,10423
Белгородская область,Белгородская область – Старооскольский,12,reconstructed,КОРЧАГИН Олег Витальевич,0,4466
Белгородская область,Белгородская область – Старооскольский,12,reconstructed,КРИВОДЕРОВ Юрий Николаевич,1,4817
Белгородская область,Белгородская область – Старооскольский,12,reconstructed,МОСКВИТИН Александр Анатольевич,2,1042
Белгородская область,Белгородская область – Старооскольский,12,reconstructed,СКОЧ Андрей Владимирович,3,32794
Белгородская область,Белгородская область – Старооскольский,12,reconstructed,ХАТУНЦЕВ Антон Алексеевич,4,6147
Белгородская область,Белгородская область – Старооскольский,12,reconstructed,ЧЕРВИНСКИЙ Богдан Александрович,5,5357
Владимирская область,Владимирская область – Владимирский,11,exact,ИГОШИН Игорь Николаевич,0,19200
Владимирская область,Владимирская область – Владимирский,11,exact,КОРНИШОВ Сергей Викторович,1,5351
Владимирская область,Владимирская область – Владимирский,11,exact,ПЕТРОСЯН Рафаэль Давитович,2,1064
Владимирская область,Владимирская область – Владимирский,11,exact,СЕРЕБРОВ Вадим Анатольевич,3,4968
Владимирская область,Владимирская область – Владимирский,11,exact,СОЛОВЬЕВ Егор Валерьевич,4,4294
Владимирская область,Владимирская область – Владимирский,11,exact,ЧЕРНОВ Максим Дмитриевич,5,1424
Владимирская область,Владимирская область – Владимирский,11,exact,ЧЕРНЫШЕВ Борис Борисович,6,876
Владимирская область,Владимирская область – Суздальский,11,exact,АНИКЕЕВ Григорий Викторович,0,18515
Владимирская область,Владимирская область – Суздальский,11,exact,БИРЮКОВ Сергей Евгеньевич,1,1406
Владимирская область,Владимирская область – Суздальский,11,exact,БУГАЕВ Александр Петрович,2,2991
Владимирская область,Владимирская область – Суздальский,11,exact,КАНИЩЕВА Ольга Николаевна,3,1206
Владимирская область,Владимирская область – Суздальский,11,exact,КОТЛЕР Данил Дмитриевич,4,2504
Владимирская область,Владимирская область – Суздальский,11,exact,РОСТОВЦЕВ Иван Александрович,5,4844
Владимирская область,Владимирская область – Суздальский,11,exact,САМИНЬ Анна Владимировна,6,423
Владимирская область,Владимирская область – Суздальский,11,exact,ФИРСОВ Алексей Александрович,7,2828
Вологодская область,Вологодская область – Вологодский,14,exact,БОРИСОВ Александр Игоревич,0,3828
Вологодская область,Вологодская область – Вологодский,14,exact,ГРИМОВ Антон Юрьевич,1,2877
Вологодская область,Вологодская область – Вологодский,14,exact,ЕГОРОВ Николай Александрович,2,1756
Вологодская область,Вологодская область – Вологодский,14,exact,ЕРШОВ Олег Александрович,3,4349
Вологодская область,Вологодская область – Вологодский,14,exact,ЗВОРЫКИН Владислав Валерианович,4,1345
Вологодская область,Вологодская область – Вологодский,14,exact,ЗУЕВ Сергей Геннадьевич,5,1198
Вологодская область,Вологодская область – Вологодский,14,exact,КРЮКОВ Михаил Алексеевич,6,853
Вологодская область,Вологодская область – Вологодский,14,exact,МОСЯГИН Дмитрий Александрович,7,288
Вологодская область,Вологодская область – Вологодский,14,exact,СЕЛЯНИН Сергей Леонидович,8,7468
Вологодская область,Вологодская область – Вологодский,14,exact,ШАТАЛОВ Алексей Сергеевич,9,1260
Вологодская область,Вологодская область – Череповецкий,14,exact,БОРИСОВ Валерий Анатольевич,0,1876
Вологодская область,Вологодская область – Череповецкий,14,exact,ГРАЧЕВА Светлана Анатольевна,1,5960
Вологодская область,Вологодская область – Череповецкий,14,exact,ДОЛЖЕНКО Денис Евгеньевич,2,2975
Вологодская область,Вологодская область – Череповецкий,14,exact,МОЗАЛЕВСКАЯ Ирина Валерьевна,3,3100
Вологодская область,Вологодская область – Череповецкий,14,exact,МОРОЗОВ Александр Александрович,4,1060
Вологодская область,Вологодская область – Череповецкий,14,exact,МОРОЗОВ Александр Николаевич,5,5182
Вологодская область,Вологодская область – Череповецкий,14,exact,НИКОЛАЕВ Владимир Валериевич,6,1684
Вологодская область,Вологодская область – Череповецкий,14,exact,СТАРОДУБЦЕВ Алексей Витальевич,7,782
Вологодская область,Вологодская область – Череповецкий,14,exact,ТРОФИМОВ Игорь Анатольевич,8,1989
Калининградская область,Калининградская область – Калининградский,13,exact,БУЛАНОВ Максим Васильевич,0,6457
Калининградская область,Калининградская область – Калининградский,13,exact,КОЗЛОВ Андрей Владимирович,1,12989
Калининградская область,Калининградская область – Калининградский,13,exact,ЛАПШИН Владислав Денисович,2,800
Калининградская область,Калининградская область – Калининградский,13,exact,СИДОРОВ Виктор Владимирович,3,3755
Калининградская область,Калининградская область – Калининградский,13,exact,ФЕДОРОВ Павел Николаевич,4,2739
Калининградская область,Калининградская область – Калининградский,13,exact,ЧИЖОВ Дмитрий Евгеньевич,5,2392
Калининградская область,Калининградская область – Калининградский,13,exact,ЮДИЦКИЙ Леонид Александрович,6,2425
Калининградская область,Калининградская область – Центральный,12,exact,АЛЕШКИН Андрей Владимирович,0,2848
Калининградская область,Калининградская область – Центральный,12,exact,КОЛОБОВ Алексей Владимирович,1,1117
Калининградская область,Калининградская область – Центральный,12,exact,ЛЮБИМОВА Елена Валерьевна,2,1381
Калининградская область,Калининградская область – Центральный,12,exact,МИШИН Евгений Викторович,3,4276
Калининградская область,Калининградская область – Центральный,12,exact,МОРОЗОВ Роман Владимирович,4,2314
Калининградская область,Калининградская область – Центральный,12,exact,ОРГЕЕВА Марина Эдуардовна,5,14027
Калининградская область,Калининградская область – Центральный,12,exact,РЯБЦЕВ Владислав Альбертович,6,2435
Калининградская область,Калининградская область – Центральный,12,exact,СОЛОВЬЕВА Ольга Александровна,7,548
Калининградская область,Калининградская область – Центральный,12,exact,ЧЕРЕПАНОВ Артём Евгеньевич,8,416
Калининградская область,Калининградская область – Центральный,12,exact,ШИТИКОВ Юрий Владимирович,9,2479
Калужская область,Калужская область – Калужский,28,exact,АНДРЕЕВА Маргарита Сергеевна,0,4698
Калужская область,Калужская область – Калужский,28,exact,БУРЛЯЙ Анастасия Алексеевна,1,10696
Калужская область,Калужская область – Калужский,28,exact,ЛЕПЕХИН Андрей Александрович,2,7165
Калужская область,Калужская область – Калужский,28,exact,МАРТЫНОВ Николай Валерьевич,3,4262
Калужская область,Калужская область – Калужский,28,exact,СКЛЯР Геннадий Иванович,4,27612
Калужская область,Калужская область – Калужский,28,exact,СМОЛОВИК Андрей Евгеньевич,5,5560
Калужская область,Калужская область – Калужский,28,exact,ЯШКИН Николай Иванович,6,10042
Костромская область,Костромская область – Костромской,30,exact,АНОХИН Алексей Алексеевич,0,16480
Костромская область,Костромская область – Костромской,30,exact,БУЙ Анатолий Филиппович,1,936
Костромская область,Костромская область – Костромской,30,exact,ЗАЙФИДИ Павел Кириллович,2,3921
Костромская область,Костромская область – Костромской,30,exact,ИЖИЦКИЙ Валерий Петрович,3,4090
Костромская область,Костромская область – Костромской,30,exact,КУДРЯВЦЕВ Юрий Петрович,4,1067
Костромская область,Костромская область – Костромской,30,exact,МИНДОЛИН Юрий Алексеевич,5,2785
Костромская область,Костромская область – Костромской,30,exact,ТАРАСОВ Андрей Леонидович,6,3557
Курганская область,Курганская область – Курганский,27,exact,ВАГИН Павел Юрьевич,0,4785
Курганская область,Курганская область – Курганский,27,exact,ДЕРЖАВИН Валерий Владимирович,1,1281
Курганская область,Курганская область – Курганский,27,exact,ЗЫРЯНОВ Виктор Леонидович,2,3336
Курганская область,Курганская область – Курганский,27,exact,ИЛЬТЯКОВ Александр Владимирович,3,11603
Курганская область,Курганская область – Курганский,27,exact,КЛИМКО Ярослав Олегович,4,1736
Курганская область,Курганская область – Курганский,27,exact,ПАНОВА Елена Валерьевна,5,2479
Курганская область,Курганская область – Курганский,27,exact,ТРОПИНА Ксения Владимировна,6,5489
Липецкая область,Липецкая область – Левобережный,14,reconstructed,БЫКОВСКИХ Николай Иванович,0,5600
Липецкая область,Липецкая область – Левобережный,14,reconstructed,ГРИШАЕВ Денис Алексеевич,1,4146
Липецкая область,Липецкая область – Левобережный,14,reconstructed,ДЬЯКОНОВА Татьяна Ивановна,2,13952
Липецкая область,Липецкая область – Левобережный,14,reconstructed,ЗАЧИНЯЕВ Максим Сергеевич,3,3539
Липецкая область,Липецкая область – Левобережный,14,reconstructed,ЗВЯГИН Сергей Владимирович,4,954
Липецкая область,Липецкая область – Левобережный,14,reconstructed,КСЕНОФОНТОВА Лариса Васильевна,5,2502
Липецкая область,Липецкая область – Левобережный,14,reconstructed,ЛОГИНОВ Юрий Вячеславович,6,1041
Липецкая область,Липецкая область – Левобережный,14,reconstructed,НАУМОВ Александр Владимирович,7,1913
Липецкая область,Липецкая область – Левобережный,14,reconstructed,СОКОЛОВ Сергей Сергеевич,8,1093
Липецкая область,Липецкая область – Левобережный,14,reconstructed,ЩЕДРИНА Наталья Борисовна,9,2009
Липецкая область,Липецкая область – Липецкий,10,reconstructed,ВОЛОБУЕВ Сергей Васильевич,0,3202
Липецкая область,Липецкая область – Липецкий,10,reconstructed,ЕГОРОВ Вадим Алексеевич,1,3465
Липецкая область,Липецкая область – Липецкий,10,reconstructed,ЗНАМЕНЩИКОВА Полина Олеговна,2,1876
Липецкая область,Липецкая область – Липецкий,10,reconstructed,ИСАЕВ Евгений Николаевич,3,5229
Липецкая область,Липецкая область – Липецкий,10,reconstructed,КУБРИНА Анна Борисовна,4,2171
Липецкая область,Липецкая область – Липецкий,10,reconstructed,КУРБАТОВ Сергей Михайлович,5,15509
Липецкая область,Липецкая область – Липецкий,10,reconstructed,РАЗДОБАРИНА Марина Олеговна,6,3534
Липецкая область,Липецкая область – Липецкий,10,reconstructed,ТОКАРЕВ Сергей Владимирович,7,6852
Липецкая область,Липецкая область – Липецкий,10,reconstructed,ХАЙРЕДИНОВА Жанна Руслановна,8,667
Липецкая область,Липецкая область – Липецкий,10,reconstructed,ХРОМОВСКАЯ Валентина Евгеньевна,9,1205
Магаданская область,Магаданская область – Магаданский,10,exact,БУЛЫЧЁВ Богдан Юрьевич,0,2804
Магаданская область,Магаданская область – Магаданский,10,exact,ГОНЧАРЕНКО Сергей Александрович,1,1431
Магаданская область,Магаданская область – Магаданский,10,exact,ИСАЕВ Роман Вадимович,2,889
Магаданская область,Магаданская область – Магаданский,10,exact,ПРИКОКИ Олег Валерьевич,3,742
Магаданская область,Магаданская область – Магаданский,10,exact,ЭТТЕНКО Кирилл Геннадьевич,4,1090
Московская область,Московская область – Балашихинский,2,reconstructed,ВОЛКОВ Юрий Игоревич,0,1657
Московская область,Московская область – Балашихинский,2,reconstructed,ЗВЕРЕВ Олег Михайлович,1,4845
Московская область,Московская область – Балашихинский,2,reconstructed,ПОПОВ Петр Петрович,2,1921
Московская область,Московская область – Балашихинский,2,reconstructed,СИНЯКИН Владимир Владимирович,3,3297
Московская область,Московская область – Балашихинский,2,reconstructed,ФАТИГАРОВ Василий Юрьевич,4,1524
Московская область,Московская область – Балашихинский,2,reconstructed,ХВАСТУНОВА Алла Сергеевна,5,5528
Московская область,Московская область – Балашихинский,2,reconstructed,ШИНКАРЕВ Дмитрий Николаевич,6,2269
Московская область,Московская область – Балашихинский,2,reconstructed,ЮРОВ Сергей Геннадиевич,7,22014
Московская область,Московская область – Дмитровский,4,reconstructed,АНДРЕЕВА Ольга Владимировна,0,8087
Московская область,Московская область – Дмитровский,4,reconstructed,ЖАБИН Даниил Геннадьевич,1,3881
Московская область,Московская область – Дмитровский,4,reconstructed,КРАВЧЕНКО Денис Борисович,2,21690
Московская область,Московская область – Дмитровский,4,reconstructed,ПОЦЕЛУЕВА Наталья Сергеевна,3,7755
Московская область,Московская область – Дмитровский,4,reconstructed,РОМАНОВ Александр Валентинович,4,5754
Московская область,Московская область – Дмитровский,4,reconstructed,ХОБА Павел Григорьевич,5,2074
Московская область,Московская область – Дмитровский,4,reconstructed,ЧУВАКОВ Владислав Владимирович,6,2673
Московская область,Московская область – Коломенский,7,reconstructed,ГЕЛЕВЕРА Дмитрий Юрьевич,0,1617
Московская область,Московская область – Коломенский,7,reconstructed,КОНКИН Владимир Алексеевич,1,2782
Московская область,Московская область – Коломенский,7,reconstructed,МУСИН Константин Хусаинович,2,5161
Московская область,Московская область – Коломенский,7,reconstructed,СТРЕЛЬЦОВ Сергей Анатольевич,3,6342
Московская область,Московская область – Коломенский,7,reconstructed,ТИМКОВА Ирина Сергеевна,4,8173
Московская область,Московская область – Коломенский,7,reconstructed,ЧАПЛИН Никита Юрьевич,5,16076
Московская область,Московская область – Красногорский,8,reconstructed,БОРОДИНОВ Егор Николаевич,0,7021
Московская область,Московская область – Красногорский,8,reconstructed,КОЛУНОВ Сергей Владимирович,1,28529
Московская область,Московская область – Красногорский,8,reconstructed,МЕЩАНИНОВА Тамара Васильевна,2,2542
Московская область,Московская область – Красногорский,8,reconstructed,САДИЛОВ Антон Михайлович,3,3994
Московская область,Московская область – Красногорский,8,reconstructed,СТЕПАНОВА Юлия Владимировна,4,8983
Московская область,Московская область – Красногорский,8,reconstructed,ШАХМАТОВ Сергей Александрович,5,1858
Московская область,Московская область – Красногорский,8,reconstructed,ЩЕРБАК Николай Анатольевич,6,5972
Московская область,Московская область – Люберецкий,3,reconstructed,БЫЗОВ Василий Аркадьевич,0,7537
Московская область,Московская область – Люберецкий,3,reconstructed,КОМАРОВА Евгения Юрьевна,1,8764
Московская область,Московская область – Люберецкий,3,reconstructed,ПАРХОМЕНКО Юрий Николаевич,2,1723
Московская область,Московская область – Люберецкий,3,reconstructed,СЕРЕДА Татьяна Александровна,3,3163
Московская область,Московская область – Люберецкий,3,reconstructed,ТЕРЮШКОВ Роман Игоревич,4,24884
Московская область,Московская область – Люберецкий,3,reconstructed,ХАРЛАНОВ Роман Львович,5,6809
Московская область,Московская область – Люберецкий,3,reconstructed,ХРОМОВ Андрей Анатольевич,6,7793
Московская область,Московская область – Мытищинский,3,reconstructed,ВАСИЛЬЕВ Артем Николаевич,0,7286
Московская область,Московская область – Мытищинский,3,reconstructed,ВЛАДИМИРОВ Максим Павлович,1,2432
Московская область,Московская область – Мытищинский,3,reconstructed,ЛЕГКОВ Александр Геннадьевич,2,17680
Московская область,Московская область – Мытищинский,3,reconstructed,ЛИШИН Андрей Андреевич,3,2160
Московская область,Московская область – Мытищинский,3,reconstructed,ОВСЯННИКОВ Даниил Игоревич,4,1149
Московская область,Московская область – Мытищинский,3,reconstructed,СИНИЦЫНА Наталья Сергеевна,5,11086
Московская область,Московская область – Мытищинский,3,reconstructed,СКВОРЦОВ Кирилл Игоревич,6,3772
Московская область,Московская область – Мытищинский,3,reconstructed,СОШИН Виктор Михайлович,7,4148
Московская область,Московская область – Одинцовский,8,reconstructed,ЗУЕВ Михаил Анатольевич,0,13800
Московская область,Московская область – Одинцовский,8,reconstructed,КРАВЧУК Константин Алексеевич,1,7372
Московская область,Московская область – Одинцовский,8,reconstructed,МАЙДАНОВ Денис Васильевич,2,60537
Московская область,Московская область – Одинцовский,8,reconstructed,ПОПОВ Вадим Александрович,3,7784
Московская область,Московская область – Одинцовский,8,reconstructed,ЧМАРОВ Константин Васильевич,4,13541
Московская область,Московская область – Одинцовский,8,reconstructed,ШАТАЛОВ Дмитрий Владимирович,5,7558
Московская область,Московская область – Орехово-Зуевский,5,reconstructed,КОВАЛЕВ Артем Алексеевич,0,7221
Московская область,Московская область – Орехово-Зуевский,5,reconstructed,НИКОЛАЕВ Александр Юрьевич,1,3833
Московская область,Московская область – Орехово-Зуевский,5,reconstructed,ОВЧИННИКОВ Владимир Владимирович,2,1528
Московская область,Московская область – Орехово-Зуевский,5,reconstructed,ПАНИН Геннадий Олегович,3,44215
Московская область,Московская область – Орехово-Зуевский,5,reconstructed,СМИРНОВА Светлана Александровна,4,4293
Московская область,Московская область – Орехово-Зуевский,5,reconstructed,ФОНДАРИНОВ Владимир Евгеньевич,5,5751
Московская область,Московская область – Орехово-Зуевский,5,reconstructed,ХАЛЕЗИН Сергей Николаевич,6,5160
Московская область,Московская область – Подольский,5,reconstructed,ГЕРАСИМОВ Андрей Викторович,0,5500
Московская область,Московская область – Подольский,5,reconstructed,ИВАНЮЖЕНКОВ Борис Викторович,1,5084
Московская область,Московская область – Подольский,5,reconstructed,КОЗЛОВ Игорь Анатольевич,2,1592
Московская область,Московская область – Подольский,5,reconstructed,КОЦЮБИНСКАЯ Елена Сергеевна,3,1518
Московская область,Московская область – Подольский,5,reconstructed,СОЛДАТОВ Юрий Владимирович,4,6619
Московская область,Московская область – Подольский,5,reconstructed,ФЕТИСОВ Вячеслав Александрович,5,24651
Московская область,Московская область – Подольский,5,reconstructed,ФИЛИППОВ Алексей Николаевич,6,2923
Московская область,Московская область – Подольский,5,reconstructed,ХАРИТОНОВ Антон Николаевич,7,5042
Московская область,Московская область – Сергиево-Посадский,2,reconstructed,АХРОМКИН Денис Александрович,0,1033
Московская область,Московская область – Сергиево-Посадский,2,reconstructed,БАТАШЕВ Анатолий Геннадьевич,1,285
Московская область,Московская область – Сергиево-Посадский,2,reconstructed,ПАХОМОВ Сергей Александрович,2,3321
Московская область,Московская область – Сергиево-Посадский,2,reconstructed,ПЕРЕПЕЛКИН Сергей Владимирович,3,886
Московская область,Московская область – Сергиево-Посадский,2,reconstructed,САМСОНОВ Константин Владимирович,4,1132
Московская область,Московская область – Сергиево-Посадский,2,reconstructed,ТУМАНОВ Андрей Владимирович,5,910
Московская область,Московская область – Серпуховский,5,reconstructed,АЛЕКСАНДРОВА Людмила Ивановна,0,3218
Московская область,Московская область – Серпуховский,5,reconstructed,ВАЛИКОВ Максим Александрович,1,7114
Московская область,Московская область – Серпуховский,5,reconstructed,ГУСЕВ Иван Львович,2,3550
Московская область,Московская область – Серпуховский,5,reconstructed,КОГАН Александр Борисович,3,19183
Московская область,Московская область – Серпуховский,5,reconstructed,НАУМОВ Александр Анатольевич,4,5700
Московская область,Московская область – Серпуховский,5,reconstructed,ХОМЯКОВ Олег Евгеньевич,5,5884
Московская область,Московская область – Серпуховский,5,reconstructed,ЧУВАКОВА Анастасия Игоревна,6,3491
Московская область,Московская область – Щёлковский,7,exact,БУЛГАКОВ Андрей Алексеевич,0,33573
Московская область,Московская область – Щёлковский,7,exact,ЗЫКОВА Татьяна Николаевна,1,3398
Московская область,Московская область – Щёлковский,7,exact,МОКРИНСКАЯ Елена Федоровна,2,6925
Московская область,Московская область – Щёлковский,7,exact,МОРЕНОВА Валентина Александровна,3,1988
Московская область,Московская область – Щёлковский,7,exact,МЯКИНИН Илья Дмитриевич,4,2953
Московская область,Московская область – Щёлковский,7,exact,НАУМКИНА Анастасия Игоревна,5,3456
Московская область,Московская область – Щёлковский,7,exact,ПИКСАЙКИНА Анна Владимировна,6,6404
Московская область,Московская область – Щёлковский,7,exact,СЫРОВ Александр Валерьевич,7,1443
Московская область,Московская область – Щёлковский,7,exact,ЧИЛИКИН Эдуард Васильевич,8,4079
Мурманская область,Мурманская область – Мурманский,17,exact,БЕЛОВ Максим Андреевич,0,7503
Мурманская область,Мурманская область – Мурманский,17,exact,ВАТАЛИН Юрий Викторович,1,4611
Мурманская область,Мурманская область – Мурманский,17,exact,ГОНТАРЬ Станислав Всеволодович,2,4384
Мурманская область,Мурманская область – Мурманский,17,exact,ИВАНОВ Андрей Степанович,3,2079
Мурманская область,Мурманская область – Мурманский,17,exact,КУСАЙКО Татьяна Алексеевна,4,14333
Мурманская область,Мурманская область – Мурманский,17,exact,МАКАРЕВИЧ Александр Геннадьевич,5,4119
Мурманская область,Мурманская область – Мурманский,17,exact,ХОМЕЧКО Игорь Иванович,6,4123
Ненецкий автономный округ,Ненецкий автономный округ – Ненецкий,2,exact,АНТИПИНА Татьяна Яковлевна,0,397
Ненецкий автономный округ,Ненецкий автономный округ – Ненецкий,2,exact,КИСЛЯКОВ Михаил Леонидович,1,2625
Ненецкий автономный округ,Ненецкий автономный округ – Ненецкий,2,exact,РАЙН Михаил Викторович,2,964
Ненецкий автономный округ,Ненецкий автономный округ – Ненецкий,2,exact,ТАЙБАРЕЙ Людмила Валентиновна,3,838
Нижегородская область,Нижегородская область – Автозаводский,11,reconstructed,АМЕЛИН Дмитрий Иванович,0,1719
Нижегородская область,Нижегородская область – Автозаводский,11,reconstructed,ГРАЧЁВ Дмитрий Александрович,1,11311
Нижегородская область,Нижегородская область – Автозаводский,11,reconstructed,ГУСАРОВСКИЙ Олег Николаевич,2,4058
Нижегородская область,Нижегородская область – Автозаводский,11,reconstructed,РИЗОВАТОВ Алексей Николаевич,3,780
Нижегородская область,Нижегородская область – Автозаводский,11,reconstructed,РЫХТИК Михаил Иванович,4,5321
Нижегородская область,Нижегородская область – Автозаводский,11,reconstructed,СИДЕЛЬНИКОВ Александр Владимирович,5,3154
Нижегородская область,Нижегородская область – Автозаводский,11,reconstructed,ЧЕРТАНОВСКИЙ Максим Евгеньевич,6,653
Нижегородская область,Нижегородская область – Борский,16,reconstructed,АТМАХОВ Владислав Олегович,0,4417
Нижегородская область,Нижегородская область – Борский,16,reconstructed,ДЕВОНИН Андрей Викторович,1,4302
Нижегородская область,Нижегородская область – Борский,16,reconstructed,КАБЕШЕВ Роман Владимирович,2,3285
Нижегородская область,Нижегородская область – Борский,16,reconstructed,КАВИНОВ Артем Александрович,3,9903
Нижегородская область,Нижегородская область – Борский,16,reconstructed,ЛЕПЕХИН Евгений Вячеславович,4,1728
Нижегородская область,Нижегородская область – Борский,16,reconstructed,МАСЛОВ Никита Иванович,5,1744
Нижегородская область,Нижегородская область – Борский,16,reconstructed,ЦОПОВ Александр Владимирович,6,879
Нижегородская область,Нижегородская область – Канавинский,6,exact,ВАГАНОВ Кирилл Михайлович,0,3847
Нижегородская область,Нижегородская область – Канавинский,6,exact,ГАРЕВСКАЯ Юлия Анатольевна,1,10854
Нижегородская область,Нижегородская область – Канавинский,6,exact,ГОРБУНОВ Сергей Александрович,2,1733
Нижегородская область,Нижегородская область – Канавинский,6,exact,ГРИГОРЬЕВА Анастасия Сергеевна,3,1261
Нижегородская область,Нижегородская область – Канавинский,6,exact,ГРЯЗНОВА Татьяна Михайловна,4,712
Нижегородская область,Нижегородская область – Канавинский,6,exact,ЕРМИЛОВ Илья Евгеньевич,5,697
Нижегородская область,Нижегородская область – Канавинский,6,exact,ЛЕУШКИН Валерий Владимирович,6,685
Нижегородская область,Нижегородская область – Канавинский,6,exact,СОЛОДКИЙ Павел Михайлович,7,3601
Нижегородская область,Нижегородская область – Канавинский,6,exact,ТЕРЕНТЬЕВ Александр Георгиевич,8,5091
Нижегородская область,Нижегородская область – Нижегородский,15,exact,ВОЛКОВ Евгений Максимович,0,1271
Нижегородская область,Нижегородская область – Нижегородский,15,exact,ГРИНЕВИЧ Татьяна Борисовна,1,3986
Нижегородская область,Нижегородская область – Нижегородский,15,exact,ДУШКИН Алексей Вадимович,2,4897
Нижегородская область,Нижегородская область – Нижегородский,15,exact,ЗАПОЕВ Алексей Геннадьевич,3,4286
Нижегородская область,Нижегородская область – Нижегородский,15,exact,КАМРАКОВ Алексей Андреевич,4,860
Нижегородская область,Нижегородская область – Нижегородский,15,exact,КОПОСОВ Андрей Анатольевич,5,1295
Нижегородская область,Нижегородская область – Нижегородский,15,exact,КОРНИЕНКО Иван Семенович,6,2590
Нижегородская область,Нижегородская область – Нижегородский,15,exact,СТАНКЕВИЧ Юрий Аркадьевич,7,11585
Нижегородская область,Нижегородская область – Приокский,14,reconstructed,ГРОЗА Алексей Борисович,0,1722
Нижегородская область,Нижегородская область – Приокский,14,reconstructed,ЗАЙЦЕВ Вадим Борисович,1,1305
Нижегородская область,Нижегородская область – Приокский,14,reconstructed,КИРИЦА Олег Сергеевич,2,4026
Нижегородская область,Нижегородская область – Приокский,14,reconstructed,КОСТИН Евгений Николаевич,3,10542
Нижегородская область,Нижегородская область – Приокский,14,reconstructed,МОЛЬКОВА Ирина Юрьевна,4,3384
Нижегородская область,Нижегородская область – Приокский,14,reconstructed,САФОНОВ Евгений Сергеевич,5,3986
Нижегородская область,Нижегородская область – Приокский,14,reconstructed,ТАТАРИНЦЕВА Анна Валерьевна,6,2775
Новгородская область,Новгородская область – Новгородский,22,exact,БАЗЫЛЬНИКОВ Владислав Валерьевич,0,1201
Новгородская область,Новгородская область – Новгородский,22,exact,БЕЗВЕРХОВ Николай Евгеньевич,1,5600
Новгородская область,Новгородская область – Новгородский,22,exact,ЕФИМОВА Ольга Анатольевна,2,6179
Новгородская область,Новгородская область – Новгородский,22,exact,ЗУБАРЕВ Сергей Александрович,3,1626
Новгородская область,Новгородская область – Новгородский,22,exact,КИРЬЯНОВ Артем Юрьевич,4,20339
Новгородская область,Новгородская область – Новгородский,22,exact,МАКСИМОВА Елена Юрьевна,5,2065
Новгородская область,Новгородская область – Новгородский,22,exact,ПРИХОДЬКО Илья Викторович,6,5758
Новгородская область,Новгородская область – Новгородский,22,exact,ХОРОШЕВСКАЯ Алла Ильинична,7,3434
Новгородская область,Новгородская область – Новгородский,22,exact,ШАЛЯКИН Виктор Владимирович,8,3126
Новосибирская область,Новосибирская область – Барабинский,10,reconstructed,ИГНАТОВ Виктор Александрович,0,19361
Новосибирская область,Новосибирская область – Барабинский,10,reconstructed,МЕЛКОБРОДОВ Михаил Ярославович,1,1072
Новосибирская область,Новосибирская область – Барабинский,10,reconstructed,МИХАЙЛОВ Михаил Юрьевич,2,4008
Новосибирская область,Новосибирская область – Барабинский,10,reconstructed,ПИВОВАРОВА Елена Николаевна,3,2817
Новосибирская область,Новосибирская область – Барабинский,10,reconstructed,ТИТОВСКИЙ Василий Викторович,4,1920
Новосибирская область,Новосибирская область – Барабинский,10,reconstructed,УСТИНОВ Сергей Анатольевич,5,4726
Новосибирская область,Новосибирская область – Барабинский,10,reconstructed,ШМАКОВ Геннадий Геннадиевич,6,593
Новосибирская область,Новосибирская область – Барабинский,10,reconstructed,ЯКОВЛЕВ Роман Борисович,7,6834
Новосибирская область,Новосибирская область – Искитимский,12,reconstructed,АКСЁНЕНКО Александр Сергеевич,0,17495
Новосибирская область,Новосибирская область – Искитимский,12,reconstructed,БАБЕНКО Дмитрий Евгеньевич,1,2839
Новосибирская область,Новосибирская область – Искитимский,12,reconstructed,ГЛАДЫШЕВА Елена Владимировна,2,3838
Новосибирская область,Новосибирская область – Искитимский,12,reconstructed,КУЗНЕЦОВА Юлия Никитична,3,825
Новосибирская область,Новосибирская область – Искитимский,12,reconstructed,СЕЛЕЗНЕВ Дмитрий Александрович,4,5751
Новосибирская область,Новосибирская область – Искитимский,12,reconstructed,ЧЕРЕПАНОВ Глеб Константинович,5,3748
Новосибирская область,Новосибирская область – Искитимский,12,reconstructed,ШАБАНОВ Дмитрий Юрьевич,6,2794
Новосибирская область,Новосибирская область – Искитимский,12,reconstructed,ЯЗЫКОВСКИЙ Игорь Игоревич,7,832
Новосибирская область,Новосибирская область – Новосибирский,15,reconstructed,БОЛЬШАКОВ Сергей Владимирович,0,2143
Новосибирская область,Новосибирская область – Новосибирский,15,reconstructed,ЖИРНОВ Андрей Геннадьевич,1,6140
Новосибирская область,Новосибирская область – Новосибирский,15,reconstructed,ИВАНИНСКИЙ Олег Иванович,2,19889
Новосибирская область,Новосибирская область – Новосибирский,15,reconstructed,КОНДРАТЬЕВ Сергей Александрович,3,1489
Новосибирская область,Новосибирская область – Новосибирский,15,reconstructed,ЛЕВШЕНКОВ Сергей Владимирович,4,5938
Новосибирская область,Новосибирская область – Новосибирский,15,reconstructed,РАДКЕВИЧ Алексей Владимирович,5,4211
Новосибирская область,Новосибирская область – Новосибирский,15,reconstructed,САХАРОВ Дмитрий Сергеевич,6,2687
Новосибирская область,Новосибирская область – Новосибирский,15,reconstructed,ЧУБЫКИНА Наталья Леонидовна,7,2942
Новосибирская область,Новосибирская область – Центральный,10,exact,БЕЛОВА (ТЕН) Ольга Викторовна,0,1182
Новосибирская область,Новосибирская область – Центральный,10,exact,БРАШНИНА Оксана Александровна,1,6933
Новосибирская область,Новосибирская область – Центральный,10,exact,КОПЫЛОВ Петр Андреевич,2,3347
Новосибирская область,Новосибирская область – Центральный,10,exact,ЛИПАТКИН Александр Васильевич,3,1985
Новосибирская область,Новосибирская область – Центральный,10,exact,ЛИХАЧЁВА Кристина Алексеевна,4,1098
Новосибирская область,Новосибирская область – Центральный,10,exact,ПРОХОРОВ Александр Геннадьевич,5,2398
Новосибирская область,Новосибирская область – Центральный,10,exact,САВЕЛЬЕВ Дмитрий Иванович,6,20932
Новосибирская область,Новосибирская область – Центральный,10,exact,СУЛЕЙМАНОВ Ренат Исмаилович,7,4337
Новосибирская область,Новосибирская область – Центральный,10,exact,ЧУБАРЦЕВА Наталья Николаевна,8,2027
Пермский край,Пермский край – Кудымкарский,16,exact,ВЕКЛИЧ Ядвига Валерьевна,0,1574
Пермский край,Пермский край – Кудымкарский,16,exact,ГРИБАНОВ Алексей Анатольевич,1,1388
Пермский край,Пермский край – Кудымкарский,16,exact,КАЛИНСКИЙ Олег Игоревич,2,8457
Пермский край,Пермский край – Кудымкарский,16,exact,КОЛОКОЛОВА Ольга Аркадьевна,3,3221
Пермский край,Пермский край – Кудымкарский,16,exact,ПОСТНИКОВ Олег Сергеевич,4,4536
Пермский край,Пермский край – Кудымкарский,16,exact,ТЮТЮННИКОВ Антон Владимирович,5,4231
Пермский край,Пермский край – Кудымкарский,16,exact,УТОЧКИН Юрий Анатольевич,6,5523
Пермский край,Пермский край – Кунгурский,11,reconstructed,БАЛЫКИНА Екатерина Михайловна,0,4440
Пермский край,Пермский край – Кунгурский,11,reconstructed,БАРАНОВА Анна Михайловна,1,3894
Пермский край,Пермский край – Кунгурский,11,reconstructed,ВШИВКОВА Ольга Витальевна,2,3258
Пермский край,Пермский край – Кунгурский,11,reconstructed,ДЬЯЧКОВ Михаил Сергеевич,3,1113
Пермский край,Пермский край – Кунгурский,11,reconstructed,ИВЕНСКИХ Ирина Валентиновна,4,10758
Пермский край,Пермский край – Кунгурский,11,reconstructed,КАЗАНЦЕВА Ирина Владиславовна,5,1654
Пермский край,Пермский край – Кунгурский,11,reconstructed,КУЛИКОВА Вероника Дмитриевна,6,2501
Пермский край,Пермский край – Кунгурский,11,reconstructed,ОВЧИННИКОВ Алексей Александрович,7,7348
Пермский край,Пермский край – Пермский,14,reconstructed,АЛЕКСЕЕВ Матвей Сергеевич,0,1909
Пермский край,Пермский край – Пермский,14,reconstructed,БЕЖАНЯН Армен Вруйрович,1,5312
Пермский край,Пермский край – Пермский,14,reconstructed,БОГДАНОВ Николай Михайлович,2,5634
Пермский край,Пермский край – Пермский,14,reconstructed,НЕМКИН Антон Игоревич,3,10835
Пермский край,Пермский край – Пермский,14,reconstructed,НОВОКРЕЩЕНОВ Дмитрий Владимирович,4,4192
Пермский край,Пермский край – Пермский,14,reconstructed,ПЕТУХОВ Дмитрий Вадимович,5,1467
Пермский край,Пермский край – Пермский,14,reconstructed,ПОНОМАРЕВ Константин Эдуардович,6,2734
Пермский край,Пермский край – Пермский,14,reconstructed,РОМАНОВ Ян Георгиевич,7,3748
Пермский край,Пермский край – Чусовской,11,reconstructed,АВТУХОВИЧ Галина Эдуардовна,0,1448
Пермский край,Пермский край – Чусовской,11,reconstructed,АЙТАКОВА Ксения Алексеевна,1,5510
Пермский край,Пермский край – Чусовской,11,reconstructed,ВОДЯНОВ Роман Михайлович,2,11217
Пермский край,Пермский край – Чусовской,11,reconstructed,ЕРМАКОВ Егор Сергеевич,3,2711
Пермский край,Пермский край – Чусовской,11,reconstructed,ИСАЕВ Сергей Юрьевич,4,4047
Пермский край,Пермский край – Чусовской,11,reconstructed,КОБЕЛЕВ Андрей Геннадьевич,5,2625
Пермский край,Пермский край – Чусовской,11,reconstructed,ЛЯШКОВ Андрей Владимирович,6,3985
Пермский край,Пермский край – Чусовской,11,reconstructed,СИРДЮЧЕНКО Юрий Петрович,7,1287
Псковская область,Псковская область – Псковский,26,exact,БИКТАШЕВ Павел Фанавиевич,0,987
Псковская область,Псковская область – Псковский,26,exact,ВАСИЛЬЕВ Евгений Геннадьевич,1,3020
Псковская область,Псковская область – Псковский,26,exact,ИВАНОВ Михаил Александрович,2,1846
Псковская область,Псковская область – Псковский,26,exact,КОЗЛОВСКИЙ Александр Николаевич,3,20578
Псковская область,Псковская область – Псковский,26,exact,МИНАКОВ Антон Александрович,4,5430
Псковская область,Псковская область – Псковский,26,exact,МИХАЙЛОВ Дмитрий Юрьевич,5,5574
Псковская область,Псковская область – Псковский,26,exact,РОМАНОВ Игорь Павлович,6,5029
Псковская область,Псковская область – Псковский,26,exact,СОРОКИН Кирилл Михайлович,7,1541
Псковская область,Псковская область – Псковский,26,exact,ТУДАКОВА Наталья Викторовна,8,5208
Республика Алтай,Республика Алтай – Алтайский,11,exact,БАКРАСОВ Айрат Алексеевич,0,1908
Республика Алтай,Республика Алтай – Алтайский,11,exact,БАКРАСОВ Аржан Иванович,1,2992
Республика Алтай,Республика Алтай – Алтайский,11,exact,ГРУЗДЕВ Александр Анатольевич,2,829
Республика Алтай,Республика Алтай – Алтайский,11,exact,КУХТУЕКОВ Сергей Владимирович,3,1919
Республика Алтай,Республика Алтай – Алтайский,11,exact,ПАСТУХОВ Павел Николаевич,4,709
Республика Алтай,Республика Алтай – Алтайский,11,exact,РЕХТИН Роман Александрович,5,1844
Республика Алтай,Республика Алтай – Алтайский,11,exact,СУРАЗОВ Александр Германович,6,17749
Республика Карелия,Республика Карелия – Карельский,19,exact,ГЛУШКОВ Алексей Алексеевич,0,1628
Республика Карелия,Республика Карелия – Карельский,19,exact,ИЗЮМОВ Ройне Лауревич,1,7557
Республика Карелия,Республика Карелия – Карельский,19,exact,МОНАСТЫРШИН Андрей Иувинальевич,2,2541
Республика Карелия,Республика Карелия – Карельский,19,exact,ПАВЛОВА Анна Валерьевна,3,2743
Республика Карелия,Республика Карелия – Карельский,19,exact,ПИВНЕНКО Валентина Николаевна,4,7582
Республика Карелия,Республика Карелия – Карельский,19,exact,ПОЗДНЯКОВА Анна Валерьевна,5,3954
Республика Карелия,Республика Карелия – Карельский,19,exact,САМОЛЁТОВ Алексей Викторович,6,819
Республика Карелия,Республика Карелия – Карельский,19,exact,ТИТОВ Дмитрий Александрович,7,363
Республика Карелия,Республика Карелия – Карельский,19,exact,ФАНДЕЕВ Григорий Васильевич,8,1236
Республика Карелия,Республика Карелия – Карельский,19,exact,ЧАЖЕНГИН Александр Валентинович,9,2786
Республика Карелия,Республика Карелия – Карельский,19,exact,ЧУБУКОВ Глеб Олегович,10,556
Республика Коми,Республика Коми – Сыктывкарский,21,exact,КАСЬЯНЕНКО Александр Александрович,0,4465
Республика Коми,Республика Коми – Сыктывкарский,21,exact,КОЧЕВ Станислав Вадимович,1,27277
Республика Коми,Республика Коми – Сыктывкарский,21,exact,КРИВОЩЕКОВА Татьяна Владимировна,2,6820
Республика Коми,Республика Коми – Сыктывкарский,21,exact,КУЛЕШОВ Семён Михайлович,3,2794
Республика Коми,Республика Коми – Сыктывкарский,21,exact,МИХАЙЛОВ Олег Алексеевич,4,13705
Республика Коми,Республика Коми – Сыктывкарский,21,exact,ПОТЕМКИН Алексей Игоревич,5,8063
Республика Коми,Республика Коми – Сыктывкарский,21,exact,САЛАДИНА Татьяна Алексеевна,6,4052
Республика Коми,Республика Коми – Сыктывкарский,21,exact,ЧУЖМАРЕВА Ольга Борисовна,7,3043
Республика Крым,Республика Крым – Евпаторийский,14,reconstructed,БАБАШОВ Леонид Иванович,0,10860
Республика Крым,Республика Крым – Евпаторийский,14,reconstructed,БОРОВСКИХ Андрей Владимирович,1,3937
Республика Крым,Республика Крым – Евпаторийский,14,reconstructed,БУЯНОВ Александр Владимирович,2,806
Республика Крым,Республика Крым – Евпаторийский,14,reconstructed,ВАКУЛЕНКО Петр Владимирович,3,1771
Республика Крым,Республика Крым – Евпаторийский,14,reconstructed,ДАНИЛИН Петр Николаевич,4,606
Республика Крым,Республика Крым – Евпаторийский,14,reconstructed,ПОПОВ Николай Георгиевич,5,2261
Республика Крым,Республика Крым – Евпаторийский,14,reconstructed,ЮХНЕНКО Роман Анатольевич,6,1568
Республика Крым,Республика Крым – Керченский,8,reconstructed,БАРАНОВ Александр Павлович,0,1303
Республика Крым,Республика Крым – Керченский,8,reconstructed,КАБАНОВ Максим Юрьевич,1,2440
Республика Крым,Республика Крым – Керченский,8,reconstructed,ПАВЛЕНКО Янина Петровна,2,10227
Республика Крым,Республика Крым – Керченский,8,reconstructed,ПАВЛИЧЕНКО Иван Петрович,3,2584
Республика Крым,Республика Крым – Керченский,8,reconstructed,ТУРОВ Александр Владимирович,4,1848
Республика Крым,Республика Крым – Керченский,8,reconstructed,ШУПЕНЯ Даниил Сергеевич,5,3205
Республика Крым,Республика Крым – Керченский,8,reconstructed,ЮРЬЕВ Юрий Юрьевич,6,2068
Республика Крым,Республика Крым – Симферопольский,6,exact,АГЕЕВ Сергей Анатольевич,0,3369
Республика Крым,Республика Крым – Симферопольский,6,exact,ВАСИЛИХИН Дмитрий Александрович,1,740
Республика Крым,Республика Крым – Симферопольский,6,exact,КОВАЛЕНКО Геннадий Владимирович,2,3960
Республика Крым,Республика Крым – Симферопольский,6,exact,НЕСТЕРЕНКО Юрий Юрьевич,3,11890
Республика Крым,Республика Крым – Симферопольский,6,exact,НОВИКОВ Николай Александрович,4,2372
Республика Крым,Республика Крым – Симферопольский,6,exact,ПАНОВА Ольга Михайловна,5,3432
Республика Крым,Республика Крым – Симферопольский,6,exact,ШАБЕЛЬНИКОВА Светлана Николаевна,6,2380
Республика Крым,Республика Крым – Симферопольский,6,exact,ШЕКУН Андрей Николаевич,7,424
Республика Марий Эл,Республика Марий Эл – Марийский,18,exact,ГАВРИЛОВ Андрей Владимирович,0,5964
Республика Марий Эл,Республика Марий Эл – Марийский,18,exact,ГЛУЩЕНКО Наталия Владимировна,1,2901
Республика Марий Эл,Республика Марий Эл – Марийский,18,exact,ИВАНОВ Николай Алексеевич,2,586
Республика Марий Эл,Республика Марий Эл – Марийский,18,exact,КАЗАНКОВ Сергей Иванович,3,28807
Республика Марий Эл,Республика Марий Эл – Марийский,18,exact,КОЗЛОВА Наталья Николаевна,4,27772
Республика Марий Эл,Республика Марий Эл – Марийский,18,exact,МАКАРОВА Анастасия Геннадьевна,5,880
Республика Марий Эл,Республика Марий Эл – Марийский,18,exact,МИШИНА Ольга Васильевна,6,469
Республика Марий Эл,Республика Марий Эл – Марийский,18,exact,СВИНИН Павел Иванович,7,1863
Республика Марий Эл,Республика Марий Эл – Марийский,18,exact,ШЕРСТОБИТОВ Алексей Вячеславович,8,4678
Ростовская область,Ростовская область – Батайский,12,reconstructed,ДЕДОВИЧ Александр Дмитриевич,0,5232
Ростовская область,Ростовская область – Батайский,12,reconstructed,КОШЕВОЙ Сергей Викторович,1,2688
Ростовская область,Ростовская область – Батайский,12,reconstructed,ПРИХОДЬКО Василий Александрович,2,877
Ростовская область,Ростовская область – Батайский,12,reconstructed,РОЖКОВ Сергей Владимирович,3,14562
Ростовская область,Ростовская область – Батайский,12,reconstructed,СИМАКОВ Игорь Борисович,4,5298
Ростовская область,Ростовская область – Батайский,12,reconstructed,ЧУМАКОВ Максим Викторович,5,4547
Ростовская область,Ростовская область – Батайский,12,reconstructed,ШУВАЛОВ Олег Александрович,6,3004
Ростовская область,Ростовская область – Белокалитвинский,18,reconstructed,АБАКУМОВ Виталий Анатольевич,0,5553
Ростовская область,Ростовская область – Белокалитвинский,18,reconstructed,БОНДАРЕНКО Даниил Александрович,1,2680
Ростовская область,Ростовская область – Белокалитвинский,18,reconstructed,ЕГОРОВА Алина Алекберовна,2,5505
Ростовская область,Ростовская область – Белокалитвинский,18,reconstructed,ИЛЬИНОВ Максим Владимирович,3,3996
Ростовская область,Ростовская область – Белокалитвинский,18,reconstructed,ПУНДА Денис Анатольевич,4,3784
Ростовская область,Ростовская область – Белокалитвинский,18,reconstructed,ХУАДЕ Аслан Гарунович,5,15462
Ростовская область,Ростовская область – Неклиновский,9,reconstructed,ВЕЛИЧКО Артем Николаевич,0,14782
Ростовская область,Ростовская область – Неклиновский,9,reconstructed,МИРОШНИКОВ Виталий Михайлович,1,4038
Ростовская область,Ростовская область – Неклиновский,9,reconstructed,ПАВЛЕНКО Татьяна Эдуардовна,2,2220
Ростовская область,Ростовская область – Неклиновский,9,reconstructed,ФОМИН Виталий Анатольевич,3,1820
Ростовская область,Ростовская область – Неклиновский,9,reconstructed,ХИЖНЯК Евгений Анатольевич,4,5639
Ростовская область,Ростовская область – Неклиновский,9,reconstructed,ШАЛЯЕВ Алексей Викторович,5,1067
Ростовская область,Ростовская область – Неклиновский,9,reconstructed,ШАПОВАЛОВ Сергей Александрович,6,4612
Ростовская область,Ростовская область – Новочеркасский,5,reconstructed,БЕССОНОВ Евгений Иванович,0,7928
Ростовская область,Ростовская область – Новочеркасский,5,reconstructed,ЗАПОРОЖЧЕНКО Герман Геннадьевич,1,8073
Ростовская область,Ростовская область – Новочеркасский,5,reconstructed,КОБЯКОВ Олег Юрьевич,2,1095
Ростовская область,Ростовская область – Новочеркасский,5,reconstructed,МЕДВЕДЕВ Сергей Николаевич,3,15429
Ростовская область,Ростовская область – Новочеркасский,5,reconstructed,РУМЯНЦЕВА Любовь Васильевна,4,4769
Ростовская область,Ростовская область – Новочеркасский,5,reconstructed,ФЕДОРОВ Максим Сергеевич,5,4819
Ростовская область,Ростовская область – Ростовский,6,reconstructed,БЕЛОУСОВА Наталья Викторовна,0,8010
Ростовская область,Ростовская область – Ростовский,6,reconstructed,СИЗЯКИН Дмитрий Владимирович,1,20776
Ростовская область,Ростовская область – Ростовский,6,reconstructed,СИНОНЯН Тарас Олегович,2,3244
Ростовская область,Ростовская область – Ростовский,6,reconstructed,ЧЕРКАШИН Лавр Александрович,3,5968
Ростовская область,Ростовская область – Ростовский,6,reconstructed,ЧУХЛЕБОВ Александр Александрович,4,7455
Ростовская область,Ростовская область – Ростовский,6,reconstructed,ШЕЛУДЬКО Андрей Юрьевич,5,2248
Ростовская область,Ростовская область – Усть-Донецкий,14,exact,АПАНОВИЧ Сергей Геннадьевич,0,4132
Ростовская область,Ростовская область – Усть-Донецкий,14,exact,БЕЛОВА Татьяна Борисовна,1,5845
Ростовская область,Ростовская область – Усть-Донецкий,14,exact,МИСАН Алексей Владимирович,2,7152
Ростовская область,Ростовская область – Усть-Донецкий,14,exact,СТЕНЯКИНА Екатерина Петровна,3,17967
Ростовская область,Ростовская область – Усть-Донецкий,14,exact,ЧЕРЕМИСОВ Илья Евгеньевич,4,4055
Свердловская область,Свердловская область – Асбестовский,18,exact,МУСАЛЬНИКОВА Наталья Владимировна,0,7054
Свердловская область,Свердловская область – Асбестовский,18,exact,ПОПОВ Евгений Семенович,1,5413
Свердловская область,Свердловская область – Асбестовский,18,exact,РЯБЦЕВА Жанна Анатольевна,2,17052
Свердловская область,Свердловская область – Асбестовский,18,exact,ШАБАНОВ Евгений Михайлович,3,8913
Свердловская область,Свердловская область – Березовский,5,exact,ДЖАЛАЛОВ Иван Леонович,0,4153
Свердловская область,Свердловская область – Березовский,5,exact,КРАЕВ Рант Кароевич,1,6446
Свердловская область,Свердловская область – Березовский,5,exact,ПИНЯЖИН Андрей Александрович,2,5707
Свердловская область,Свердловская область – Березовский,5,exact,ПОПОВ Игорь Николаевич,3,6253
Свердловская область,Свердловская область – Березовский,5,exact,СМИРНОВ Владимир Викторович,4,21891
Свердловская область,Свердловская область – Березовский,5,exact,ЧУПРИЯНОВ Виктор Николаевич,5,3880
Свердловская область,Свердловская область – Березовский,5,exact,ШАРАЕВ Радик Васбыевич,6,1836
Свердловская область,Свердловская область – Каменск-Уральский,7,reconstructed,БОНДАРЕВ Дмитрий Игоревич,0,5608
Свердловская область,Свердловская область – Каменск-Уральский,7,reconstructed,ГОРДЕЕВ Олег Сергеевич,1,6567
Свердловская область,Свердловская область – Каменск-Уральский,7,reconstructed,КОВПАК Лев Игоревич,2,18287
Свердловская область,Свердловская область – Каменск-Уральский,7,reconstructed,КОЛОМЫТЦЕВ Евгений Константинович,3,4253
Свердловская область,Свердловская область – Каменск-Уральский,7,reconstructed,КУНЦЕВИЧ Любовь Андреевна,4,9156
Свердловская область,Свердловская область – Нижнетагильский,11,reconstructed,БОЯРКИН Михаил Валентинович,0,9336
Свердловская область,Свердловская область – Нижнетагильский,11,reconstructed,ГОРШКАЛЕВА Татьяна Рудольфовна,1,2468
Свердловская область,Свердловская область – Нижнетагильский,11,reconstructed,ГРЕХОВА Наталья Владимировна,2,3882
Свердловская область,Свердловская область – Нижнетагильский,11,reconstructed,ДЫМШАКОВ Дмитрий Сергеевич,3,4638
Свердловская область,Свердловская область – Нижнетагильский,11,reconstructed,КОЗИН Сергей Сергеевич,4,4709
Свердловская область,Свердловская область – Нижнетагильский,11,reconstructed,СВАЛОВ Алексей Германович,5,19006
Свердловская область,Свердловская область – Первоуральский,15,exact,БАЖЕНОВ Андрей Владимирович,0,4744
Свердловская область,Свердловская область – Первоуральский,15,exact,БОБИНА Мария Леонидовна,1,1263
Свердловская область,Свердловская область – Первоуральский,15,exact,ВИНОГРАДОВА Ирина Маратовна,2,3881
Свердловская область,Свердловская область – Первоуральский,15,exact,ЖУРАВЛЕВА Жанна Александровна,3,2752
Свердловская область,Свердловская область – Первоуральский,15,exact,ЛОПАРЕВА Ольга Владимировна,4,1872
Свердловская область,Свердловская область – Первоуральский,15,exact,МУЦОЕВ Зелимхан Аликоевич,5,12148
Свердловская область,Свердловская область – Первоуральский,15,exact,ПАНАСЕНКО Александр Владимирович,6,4058
Свердловская область,Свердловская область – Первоуральский,15,exact,ЯНОЧКИН Петр Юрьевич,7,1056
Свердловская область,Свердловская область – Свердловский,4,reconstructed,АЛЬШЕВСКИХ Андрей Геннадьевич,0,20719
Свердловская область,Свердловская область – Свердловский,4,reconstructed,ДЕМИН Александр Вячеславович,1,12133
Свердловская область,Свердловская область – Свердловский,4,reconstructed,КАПТЮГ Александр Николаевич,2,4862
Свердловская область,Свердловская область – Свердловский,4,reconstructed,СКОМОРОХОВА Римма Вениаминовна,3,6172
Свердловская область,Свердловская область – Свердловский,4,reconstructed,ЧИРЫШЕВ Максим Викторович,4,5156
Свердловская область,Свердловская область – Серовский,21,reconstructed,БИДОНЬКО Сергей Юрьевич,0,20638
Свердловская область,Свердловская область – Серовский,21,reconstructed,БУРГАРТ Андрей Александрович,1,3873
Свердловская область,Свердловская область – Серовский,21,reconstructed,КОРОВКИН Алексей Сергеевич,2,4228
Свердловская область,Свердловская область – Серовский,21,reconstructed,МОЛОКОВ Валерий Юрьевич,3,6099
Свердловская область,Свердловская область – Серовский,21,reconstructed,ЧУДОВ Игорь Владимирович,4,5243
Свердловская область,Свердловская область – Серовский,21,reconstructed,ШУМИЛОВ Дмитрий Андреевич,5,1232
Смоленская область,Смоленская область – Смоленский,29,exact,БАБАКОВ Александр Михайлович,0,31988
Смоленская область,Смоленская область – Смоленский,29,exact,ВОЙТОВ Алексей Михайлович,1,14037
Смоленская область,Смоленская область – Смоленский,29,exact,ЕМЕЛЬЯНОВ Степан Владимирович,2,13460
Смоленская область,Смоленская область – Смоленский,29,exact,КОВАЛЕВ Михаил Александрович,3,11112
Смоленская область,Смоленская область – Смоленский,29,exact,РЯБЕНКОВ Илья Владимирович,4,1033
Смоленская область,Смоленская область – Смоленский,29,exact,ШАВРИКОВА Дарья Сергеевна,5,3493
Смоленская область,Смоленская область – Смоленский,29,exact,ЯКИМОВ Сергей Сергеевич,6,26168
Томская область,Томская область – Томский,23,exact,ЕРЁМИН Василий Васильевич,0,6670
Томская область,Томская область – Томский,23,exact,КУХАЛЬСКИЙ Сергей Борисович,1,9910
Томская область,Томская область – Томский,23,exact,ЛЕОНТЬЕВ Илья Алексеевич,2,34446
Томская область,Томская область – Томский,23,exact,НЕМЦЕВА Галина Григорьевна,3,17127
Томская область,Томская область – Томский,23,exact,ТЕРЕХОВ Леонид Леонидович,4,7952
Томская область,Томская область – Томский,23,exact,ЧОЛАХЯН Владимир Тамазович,5,10872
Удмуртская Республика,Удмуртская Республика – Ижевский,18,exact,БАЛАХОНЦЕВ Юрий Анатольевич,0,9643
Удмуртская Республика,Удмуртская Республика – Ижевский,18,exact,БУЗАНОВ Константин Владимирович,1,1695
Удмуртская Республика,Удмуртская Республика – Ижевский,18,exact,ВОЛОДОМАНОВ Владимир Олегович,2,4986
Удмуртская Республика,Удмуртская Республика – Ижевский,18,exact,ГАРИН Олег Владимирович,3,32328
Удмуртская Республика,Удмуртская Республика – Ижевский,18,exact,ГОЛОВКОВ Антон Владимирович,4,2299
Удмуртская Республика,Удмуртская Республика – Ижевский,18,exact,САДЫКОВА Юлия Андреевна,5,3463
Удмуртская Республика,Удмуртская Республика – Ижевский,18,exact,САЛТЫКОВ Андрей Владимирович,6,1896
Удмуртская Республика,Удмуртская Республика – Ижевский,18,exact,ШЕСТАКОВ Станислав Семенович,7,8347
Удмуртская Республика,Удмуртская Республика – Удмуртский,17,exact,ГВОЗДАК Иван Михайлович,0,8644
Удмуртская Республика,Удмуртская Республика – Удмуртский,17,exact,ЖУРАВЛЕВА Татьяна Сергеевна,1,11474
Удмуртская Республика,Удмуртская Республика – Удмуртский,17,exact,ЗАЛЯЛОВ Альберт Милсович,2,3388
Удмуртская Республика,Удмуртская Республика – Удмуртский,17,exact,ИСАЕВ Андрей Константинович,3,28202
Удмуртская Республика,Удмуртская Республика – Удмуртский,17,exact,МИШКИН Юрий Алексеевич,4,2416
Удмуртская Республика,Удмуртская Республика – Удмуртский,17,exact,ТЕНСИН Максим Владимирович,5,7382
Челябинская область,Челябинская область – Златоустовский,11,reconstructed,ГИЗАТУЛЛИН Илгам Нагимович,0,1442
Челябинская область,Челябинская область – Златоустовский,11,reconstructed,КОВАЛЁВ Антон Иванович,1,9075
Челябинская область,Челябинская область – Златоустовский,11,reconstructed,КОЖЕВНИКОВ Кирилл Максимович,2,3162
Челябинская область,Челябинская область – Златоустовский,11,reconstructed,МОТОВИЛОВ Евгений Алексеевич,3,6017
Челябинская область,Челябинская область – Златоустовский,11,reconstructed,СЕЛИВАНОВ Алексей Владимирович,4,3644
Челябинская область,Челябинская область – Златоустовский,11,reconstructed,СУМИН Дмитрий Васильевич,5,3146
Челябинская область,Челябинская область – Златоустовский,11,reconstructed,ШИЛОВ Валентин Сергеевич,6,4301
Челябинская область,Челябинская область – Коркинский,9,reconstructed,ГАРТУНГ Валерий Карлович,0,14122
Челябинская область,Челябинская область – Коркинский,9,reconstructed,ГЕРТЬЕ Владимир Иванович,1,337
Челябинская область,Челябинская область – Коркинский,9,reconstructed,КРЕПАК Полина Игоревна,2,4882
Челябинская область,Челябинская область – Коркинский,9,reconstructed,НАЦИЕВСКИЙ Константин Олегович,3,2712
Челябинская область,Челябинская область – Коркинский,9,reconstructed,РЫЖИЙ Антон Петрович,4,7673
Челябинская область,Челябинская область – Коркинский,9,reconstructed,СУВОРИН Алексей Владимирович,5,2705
Челябинская область,Челябинская область – Коркинский,9,reconstructed,ФИРСТОВ Степан Владимирович,6,1160
Челябинская область,Челябинская область – Магнитогорский,14,reconstructed,АГАПОВ Аркадий Геннадьевич,0,3868
Челябинская область,Челябинская область – Магнитогорский,14,reconstructed,АНУФРИЕВ Антон Владимирович,1,1353
Челябинская область,Челябинская область – Магнитогорский,14,reconstructed,БЕСЕДИН Алексей Александрович,2,4415
Челябинская область,Челябинская область – Магнитогорский,14,reconstructed,ДРЕМОВ Владимир Владимирович,3,15202
Челябинская область,Челябинская область – Магнитогорский,14,reconstructed,КАГАРМАНОВ Артур Азатович,4,6953
Челябинская область,Челябинская область – Магнитогорский,14,reconstructed,СИСИНА Екатерина Анатольевна,5,6898
Челябинская область,Челябинская область – Магнитогорский,14,reconstructed,ФРОЛОВ Алексей Дмитриевич,6,1726
Челябинская область,Челябинская область – Металлургический,10,reconstructed,БАБКИН Егор Васильевич,0,7122
Челябинская область,Челябинская область – Металлургический,10,reconstructed,БОРСУК Денис Александрович,1,2489
Челябинская область,Челябинская область – Металлургический,10,reconstructed,ВАЛИЕВА Анна Сергеевна,2,1639
Челябинская область,Челябинская область – Металлургический,10,reconstructed,ГОРШКОВ Евгений Анатольевич,3,6253
Челябинская область,Челябинская область – Металлургический,10,reconstructed,ДЕНИСЕНКО Алексей Владимирович,4,10380
Челябинская область,Челябинская область – Металлургический,10,reconstructed,КУДИНОВ Антон Геннадьевич,5,4625
Челябинская область,Челябинская область – Металлургический,10,reconstructed,НОВРУЗОВ Турал Айдамирович,6,3923
Челябинская область,Челябинская область – Челябинский,7,reconstructed,ГУЛИН Максим Алексеевич,0,7553
Челябинская область,Челябинская область – Челябинский,7,reconstructed,ИЛЛЕ Евгений Георгиевич,1,9269
Челябинская область,Челябинская область – Челябинский,7,reconstructed,КУНГУРЦЕВ Артём Николаевич,2,883
Челябинская область,Челябинская область – Челябинский,7,reconstructed,КУРОЧКИН Денис Алексеевич,3,3102
Челябинская область,Челябинская область – Челябинский,7,reconstructed,НИКУЛИН Олег Георгиевич,4,2767
Челябинская область,Челябинская область – Челябинский,7,reconstructed,ПАШИН Виталий Львович,5,4589
Челябинская область,Челябинская область – Челябинский,7,reconstructed,ШВЕЦОВ Василий Георгиевич,6,4886
Чувашская Республика - Чувашия,Чувашская Республика – Чувашия – Канашский,14,exact,АКСАКОВ Анатолий Геннадьевич,0,34036
Чувашская Республика - Чувашия,Чувашская Республика – Чувашия – Канашский,14,exact,АНДРЕЕВ Александр Михайлович,1,9234
Чувашская Республика - Чувашия,Чувашская Республика – Чувашия – Канашский,14,exact,ЕГОРОВ Радимир Федорович,2,15312
Чувашская Республика - Чувашия,Чувашская Республика – Чувашия – Канашский,14,exact,ИЛЬИН Владимир Дмитриевич,3,1655
Чувашская Республика - Чувашия,Чувашская Республика – Чувашия – Канашский,14,exact,МАКАРОВ Виктор Николаевич,4,1419
Чувашская Республика - Чувашия,Чувашская Республика – Чувашия – Канашский,14,exact,МИХАЙЛОВ Григорий Александрович,5,2483
Чувашская Республика - Чувашия,Чувашская Республика – Чувашия – Канашский,14,exact,МОРОЗОВ Максим Викторович,6,9186
Чувашская Республика - Чувашия,Чувашская Республика – Чувашия – Канашский,14,exact,ПЕТРОВ Эдуард Геннадьевич,7,5821
Чувашская Республика - Чувашия,Чувашская Республика – Чувашия – Чебоксарский,12,exact,ВОРОНКОВА Наталья Юрьевна,0,2979
Чувашская Республика - Чувашия,Чувашская Республика – Чувашия – Чебоксарский,12,exact,КИРГИЗОВ Николай Александрович,1,6722
Чувашская Республика - Чувашия,Чувашская Республика – Чувашия – Чебоксарский,12,exact,КОНОВАЛОВ Константин Евгеньевич,2,2079
Чувашская Республика - Чувашия,Чувашская Республика – Чувашия – Чебоксарский,12,exact,САЛАЕВА Алла Леонидовна,3,45910
Чувашская Республика - Чувашия,Чувашская Республика – Чувашия – Чебоксарский,12,exact,СТЕПАНОВ Константин Олегович,4,7991
Чувашская Республика - Чувашия,Чувашская Республика – Чувашия – Чебоксарский,12,exact,СТЕПАНОВ Федор Михайлович,5,4820
Чувашская Республика - Чувашия,Чувашская Республика – Чувашия – Чебоксарский,12,exact,ФИЛИППОВ Александр Владимирович,6,10085
Ярославская область,Ярославская область – Ростовский,16,exact,БАЛАБАЕВ Сергей Анатольевич,0,2513
Ярославская область,Ярославская область – Ростовский,16,exact,БУРЦЕВА Мария Михайловна,1,551
Ярославская область,Ярославская область – Ростовский,16,exact,БУРЬЯНОВАТЫЙ Андрей Гаврилович,2,786
Ярославская область,Ярославская область – Ростовский,16,exact,ГОРОХОВ Алексей Владимирович,3,4396
Ярославская область,Ярославская область – Ростовский,16,exact,ГРЕШНЕВИКОВ Анатолий Николаевич,4,5737
Ярославская область,Ярославская область – Ростовский,16,exact,КАЗИНЕЦ Александр Михайлович,5,2198
Ярославская область,Ярославская область – Ростовский,16,exact,МОЛЧАНОВ Артём Владимирович,6,15443
Ярославская область,Ярославская область – Ростовский,16,exact,ПАРАМОНОВ Михаил Константинович,7,3099
Ярославская область,Ярославская область – Ростовский,16,exact,ШУБИН Денис Евгеньевич,8,1021
Ярославская область,Ярославская область – Ярославский,12,exact,ГОЛУБЯТНИКОВ Дмитрий Олегович,0,701
Ярославская область,Ярославская область – Ярославский,12,exact,ГУРЬЕВ Алексей Константинович,1,5094
Ярославская область,Ярославская область – Ярославский,12,exact,КАШИРИН Анатолий Анатольевич,2,3529
Ярославская область,Ярославская область – Ярославский,12,exact,КУЗНЕЦОВА Елена Дмитриевна,3,5562
Ярославская область,Ярославская область – Ярославский,12,exact,ЛИСИЦЫН Анатолий Иванович,4,19411
Ярославская область,Ярославская область – Ярославский,12,exact,ОВЧИННИКОВА Юлия Александровна,5,1040
Ярославская область,Ярославская область – Ярославский,12,exact,СКРОЗНИКОВА Анна Валерьевна,6,9172
Ярославская область,Ярославская область – Ярославский,12,exact,ТРУСОВ Дмитрий Геннадьевич,7,2273
