region_code,region,contracts,portal_contracts,uiks,list,ballots,init,removed,uik50,uik100,ballots_all,votes_all,portal_ballots,msk_offset_h,turnout_pct,first_hour_pct,unpaired_pct,removed_pct,portal_share_pct
22,Алтайский край,253,109,1657,249503,227371,252408,2905,1163,7,914992,904883,471316,4,91.13,27.3,1.105,1.151,51.5
29,Архангельская область,93,33,717,85991,78976,86594,603,447,0,170647,169242,28255,0,91.84,18.2,0.823,0.696,16.6
31,Белгородская область,68,28,1191,127558,115678,128793,1235,799,3,348679,346417,132880,0,90.69,21.1,0.649,0.959,38.1
33,Владимирская область,75,35,936,80241,72795,80697,456,571,0,152818,151478,13114,0,90.72,21.4,0.877,0.565,8.6
35,Вологодская область,94,42,880,55786,50320,56320,534,395,1,203287,201279,105868,0,90.2,19.2,0.988,0.948,52.1
39,Калининградская область,226,180,566,71083,64066,72127,1044,432,0,301204,297882,194564,-1,90.13,22.7,1.103,1.447,64.6
40,Калужская область,56,2,700,77446,70704,78787,1341,424,1,141408,140533,9234,0,91.29,20.9,0.619,1.702,6.5
44,Костромская область,84,26,447,35639,33072,36061,422,208,0,70964,70565,5782,0,92.8,26.1,0.562,1.17,8.1
45,Курганская область,78,26,762,34743,31010,35055,312,254,1,67480,66999,6250,2,89.26,32.5,0.713,0.89,9.3
48,Липецкая область,102,58,808,88144,81246,88494,350,430,1,324984,321910,177470,0,92.17,22.0,0.946,0.396,54.6
49,Магаданская область,20,2,79,8110,7228,8235,125,53,0,14456,13959,348,8,89.12,19.8,3.438,1.518,2.4
50,Московская область,190,96,3923,727390,666330,732204,4814,3766,5,2728649,2702361,1752228,0,91.61,16.4,0.963,0.657,64.2
51,Мурманская область,72,40,403,46154,41520,46657,503,343,0,166342,164725,86813,0,89.96,14.9,0.972,1.078,52.2
83,Ненецкий автономный округ,6,4,54,5264,4881,5302,38,30,0,9934,9833,6200,0,92.72,15.2,1.017,0.717,62.4
52,Нижегородская область,229,115,2163,159302,142009,160511,1209,1231,2,574963,568093,323533,0,89.14,17.1,1.195,0.753,56.3
53,Новгородская область,84,42,516,52583,49650,52814,231,304,4,198600,197329,103378,0,94.42,27.1,0.64,0.437,52.1
54,Новосибирская область,207,121,1754,189904,170979,193632,3728,1038,2,361910,359165,55531,4,90.03,23.0,0.758,1.925,15.3
90,Пермский край,254,158,1741,153127,134469,155631,2504,1058,1,666164,656358,420154,2,87.82,22.5,1.472,1.609,63.1
60,Псковская область,81,31,565,53732,49667,53791,59,278,0,199350,197517,102756,0,92.43,19.7,0.919,0.11,51.5
2,Республика Алтай,25,5,234,31105,28213,31568,463,154,1,56764,56362,6304,4,90.7,24.9,0.708,1.467,11.1
10,Республика Карелия,122,86,459,35920,32102,36465,545,265,0,161124,159276,98788,0,89.37,17.6,1.147,1.495,61.3
11,Республика Коми,63,23,566,78464,70927,80797,2333,395,1,146606,145592,7612,0,90.39,26.1,0.692,2.887,5.2
93,Республика Крым,67,17,1097,84488,75158,85434,946,661,0,155162,153596,25081,0,88.96,19.2,1.009,1.107,16.2
12,Республика Марий Эл,51,17,491,79505,74598,81108,1603,408,3,156432,155450,19098,0,93.83,30.1,0.628,1.976,12.2
61,Ростовская область,957,841,2489,272000,238856,272149,149,1691,4,575331,570669,148333,0,87.81,18.9,0.81,0.055,25.8
66,Свердловская область,535,387,2229,332006,301437,334513,2507,1700,0,1265205,1253588,741815,2,90.79,28.3,0.918,0.749,58.6
67,Смоленская область,58,2,628,109037,102067,112092,3055,483,4,204134,203138,1803,0,93.61,28.7,0.488,2.725,0.9
70,Томская область,92,48,726,96430,87721,97282,852,451,1,352576,349520,179010,4,90.97,25.2,0.867,0.876,50.8
18,Удмуртская Республика,569,503,1093,136550,127318,137872,1322,760,4,336116,333649,96289,1,93.24,23.6,0.734,0.959,28.6
74,Челябинская область,125,33,2179,199175,176206,200510,1335,1404,0,363465,360718,38942,2,88.47,25.2,0.756,0.666,10.7
21,Чувашская Республика - Чувашия,111,63,881,170783,160942,171448,665,767,37,645715,640760,353855,0,94.24,23.1,0.767,0.388,54.8
76,Ярославская область,56,4,821,90170,83287,90441,271,551,0,166574,165528,8908,0,92.37,20.2,0.628,0.3,5.3
