region,list_final,ballots,turnout_pct,first_hour_pct,uik50,uik100,unpaired_pct,year
Алтайский край,4638,4098,88.36,18.7,31,0,0.46,2024
Архангельская область,3162,2775,87.76,18.1,26,0,0.54,2024
Вологодская область,85025,79737,93.78,29.7,485,1,0.61,2024
Калининградская область,56126,50773,90.46,28.4,412,0,0.34,2024
Камчатский край,2962,2635,88.96,23.6,22,0,0.61,2024
Костромская область,590,558,94.58,17.2,3,0,0.0,2024
Курская область,82529,73519,89.08,19.9,435,0,0.57,2024
Липецкая область,65864,61664,93.62,34.8,401,2,0.36,2024
Московская область,209354,184584,88.17,16.1,1451,0,1.03,2024
Мурманская область,48388,44130,91.2,21.0,340,1,0.56,2024
Ненецкий автономный округ,3607,3050,84.56,18.6,27,0,1.0,2024
Пермский край,30615,26326,85.99,22.5,231,1,0.92,2024
Псковская область,4561,4054,88.88,16.9,26,0,0.98,2024
Республика Алтай,22734,21183,93.18,28.2,124,2,0.79,2024
Республика Карелия,3453,2881,83.43,16.1,26,0,0.71,2024
Республика Коми,2896,2454,84.74,24.7,26,0,0.16,2024
Республика Марий Эл,53476,50621,94.66,21.3,345,2,0.65,2024
Свердловская область,1797,1554,86.48,21.9,17,0,0.51,2024
Смоленская область,2489,2231,89.63,10.5,15,0,2.24,2024
Томская область,4527,3661,80.87,10.5,38,0,0.55,2024
Челябинская область,171303,153204,89.43,23.6,1293,1,0.63,2024
Чеченская Республика,2062,1453,70.47,2.9,8,0,0.55,2024
Чувашская Республика - Чувашия,22992,21374,92.96,28.3,148,7,0.36,2024
Ярославская область,12209,9887,80.98,24.1,98,0,1.0,2024
город Севастополь,21053,18042,85.7,16.0,164,0,0.92,2024
Архангельская область,90155,83095,92.17,27.0,465,1,0.43,2025
Белгородская область,91946,84218,91.6,32.3,745,13,0.71,2025
Калужская область,56976,51668,90.68,25.4,388,0,0.77,2025
Костромская область,30138,27869,92.47,34.0,197,0,0.62,2025
Курганская область,34775,30089,86.52,31.6,250,0,0.71,2025
Липецкая область,41381,37702,91.11,26.2,191,0,0.38,2025
Магаданская область,6364,5794,91.04,20.4,43,0,0.71,2025
Московская область,72549,63886,88.06,15.5,555,0,0.88,2025
Ненецкий автономный округ,3458,3048,88.14,17.6,25,0,0.87,2025
Новгородская область,20738,18775,90.53,31.4,165,1,0.72,2025
Пермский край,174979,154425,88.25,25.2,1110,0,0.4,2025
Псковская область,9297,8153,87.69,18.7,62,0,0.64,2025
Республика Карелия,3320,2951,88.89,22.7,28,0,0.73,2025
Республика Коми,66859,59524,89.03,29.5,368,0,0.92,2025
Республика Северная Осетия - Алания,1380,1351,97.9,9.1,10,4,0.49,2025
Ростовская область,258139,232510,90.07,24.5,1702,8,0.86,2025
Самарская область,2952,2661,90.14,32.1,27,0,0.38,2025
Свердловская область,259604,238024,91.69,33.4,1712,3,0.23,2025
Смоленская область,29274,27397,93.59,28.0,128,0,0.8,2025
Томская область,28776,24985,86.83,31.7,197,0,0.96,2025
Удмуртская Республика,58038,53138,91.56,25.0,284,2,1.02,2025
Челябинская область,144070,128009,88.85,29.0,1203,0,0.67,2025
Чувашская Республика - Чувашия,198706,186222,93.72,22.3,849,21,0.81,2025
город Севастополь,25520,22250,87.19,16.9,173,0,1.16,2025
Алтайский край,249503,227371,91.13,27.3,1163,7,1.1,2026
Архангельская область,85991,78976,91.84,18.2,447,0,0.82,2026
Белгородская область,127558,115678,90.69,21.1,799,3,0.65,2026
Владимирская область,80241,72795,90.72,21.4,571,0,0.88,2026
Вологодская область,55786,50320,90.2,19.2,395,1,0.99,2026
Калининградская область,71083,64066,90.13,22.7,432,0,1.1,2026
Калужская область,77446,70704,91.29,20.9,424,1,0.62,2026
Костромская область,35639,33072,92.8,26.1,208,0,0.56,2026
Курганская область,34743,31010,89.26,32.5,254,1,0.71,2026
Липецкая область,88144,81246,92.17,22.0,430,1,0.95,2026
Магаданская область,8110,7228,89.12,19.8,53,0,3.44,2026
Московская область,727390,666330,91.61,16.4,3766,5,0.96,2026
Мурманская область,46154,41520,89.96,14.9,343,0,0.97,2026
Ненецкий автономный округ,5264,4881,92.72,15.2,30,0,1.02,2026
Нижегородская область,159302,142009,89.14,17.1,1231,2,1.19,2026
Новгородская область,52583,49650,94.42,27.1,304,4,0.64,2026
Новосибирская область,189904,170979,90.03,23.0,1038,2,0.76,2026
Пермский край,153127,134469,87.82,22.5,1058,1,1.47,2026
Псковская область,53732,49667,92.43,19.7,278,0,0.92,2026
Республика Алтай,31105,28213,90.7,24.9,154,1,0.71,2026
Республика Карелия,35920,32102,89.37,17.6,265,0,1.15,2026
Республика Коми,78464,70927,90.39,26.1,395,1,0.69,2026
Республика Крым,84488,75158,88.96,19.2,661,0,1.01,2026
Республика Марий Эл,79505,74598,93.83,30.1,408,3,0.63,2026
Ростовская область,272000,238856,87.81,18.9,1691,4,0.81,2026
Свердловская область,332006,301437,90.79,28.3,1700,0,0.92,2026
Смоленская область,109037,102067,93.61,28.7,483,4,0.49,2026
Томская область,96430,87721,90.97,25.2,451,1,0.87,2026
Удмуртская Республика,136550,127318,93.24,23.6,760,4,0.73,2026
Челябинская область,199175,176206,88.47,25.2,1404,0,0.76,2026
Чувашская Республика - Чувашия,170783,160942,94.24,23.1,767,37,0.77,2026
Ярославская область,90170,83287,92.37,20.2,551,0,0.63,2026
