y,y_label,x,x_label,n,rho,ci_lo,ci_hi,p,p_holm,significant
er,«Единая Россия» в ДЭГ (Госдума),bband,Широкополосный интернет дома,32,-0.11,-0.485,0.297,0.5398,1.0,False
er,«Единая Россия» в ДЭГ (Госдума),income,Медианный душевой доход,32,-0.416,-0.707,-0.033,0.0198,0.8316,False
er,«Единая Россия» в ДЭГ (Госдума),inet,Пользуются интернетом,32,0.171,-0.198,0.505,0.3547,1.0,False
er,«Единая Россия» в ДЭГ (Госдума),inet_daily,Интернет каждый день,32,-0.045,-0.418,0.33,0.8079,1.0,False
er,«Единая Россия» в ДЭГ (Госдума),old,Старше трудоспособного возраста,32,-0.187,-0.516,0.165,0.3072,1.0,False
er,«Единая Россия» в ДЭГ (Госдума),unemp,Уровень безработицы,32,-0.051,-0.414,0.309,0.7839,1.0,False
er,«Единая Россия» в ДЭГ (Госдума),urban,Городское население,32,-0.507,-0.739,-0.185,0.0036,0.1656,False
first_hour,Первый час,bband,Широкополосный интернет дома,32,-0.362,-0.615,-0.04,0.0399,1.0,False
first_hour,Первый час,income,Медианный душевой доход,32,-0.587,-0.819,-0.247,0.0008,0.0384,True
first_hour,Первый час,inet,Пользуются интернетом,32,-0.248,-0.543,0.117,0.168,1.0,False
first_hour,Первый час,inet_daily,Интернет каждый день,32,-0.004,-0.363,0.353,0.9812,1.0,False
first_hour,Первый час,old,Старше трудоспособного возраста,32,0.143,-0.278,0.503,0.4294,1.0,False
first_hour,Первый час,unemp,Уровень безработицы,32,-0.018,-0.384,0.345,0.9215,1.0,False
first_hour,Первый час,urban,Городское население,32,-0.317,-0.614,0.046,0.0834,1.0,False
removed,Исключены из списка,bband,Широкополосный интернет дома,32,-0.02,-0.404,0.392,0.9168,1.0,False
removed,Исключены из списка,income,Медианный душевой доход,32,0.092,-0.276,0.432,0.6121,1.0,False
removed,Исключены из списка,inet,Пользуются интернетом,32,0.155,-0.241,0.516,0.3997,1.0,False
removed,Исключены из списка,inet_daily,Интернет каждый день,32,0.112,-0.288,0.51,0.5363,1.0,False
removed,Исключены из списка,old,Старше трудоспособного возраста,32,-0.245,-0.549,0.103,0.1752,1.0,False
removed,Исключены из списка,unemp,Уровень безработицы,32,0.317,-0.016,0.587,0.0787,1.0,False
removed,Исключены из списка,urban,Городское население,32,0.056,-0.284,0.371,0.7624,1.0,False
turnout,Явка ДЭГ,bband,Широкополосный интернет дома,32,-0.504,-0.763,-0.169,0.0026,0.1222,False
turnout,Явка ДЭГ,income,Медианный душевой доход,32,-0.245,-0.579,0.141,0.1819,1.0,False
turnout,Явка ДЭГ,inet,Пользуются интернетом,32,-0.408,-0.686,-0.056,0.0211,0.8651,False
turnout,Явка ДЭГ,inet_daily,Интернет каждый день,32,-0.442,-0.724,-0.084,0.0133,0.5719,False
turnout,Явка ДЭГ,old,Старше трудоспособного возраста,32,0.219,-0.12,0.534,0.2311,1.0,False
turnout,Явка ДЭГ,unemp,Уровень безработицы,32,-0.161,-0.478,0.19,0.3776,1.0,False
turnout,Явка ДЭГ,urban,Городское население,32,-0.259,-0.589,0.096,0.1509,1.0,False
uik100,Доля УИК со 100 %,bband,Широкополосный интернет дома,32,-0.321,-0.65,0.074,0.0726,1.0,False
uik100,Доля УИК со 100 %,income,Медианный душевой доход,32,-0.486,-0.753,-0.134,0.0057,0.2565,False
uik100,Доля УИК со 100 %,inet,Пользуются интернетом,32,0.028,-0.356,0.41,0.882,1.0,False
uik100,Доля УИК со 100 %,inet_daily,Интернет каждый день,32,0.065,-0.324,0.464,0.7269,1.0,False
uik100,Доля УИК со 100 %,old,Старше трудоспособного возраста,32,0.039,-0.341,0.396,0.8286,1.0,False
uik100,Доля УИК со 100 %,unemp,Уровень безработицы,32,-0.052,-0.397,0.315,0.7779,1.0,False
uik100,Доля УИК со 100 %,urban,Городское население,32,-0.622,-0.808,-0.341,0.0004,0.0196,True
unpaired,Бюллетени без голоса,bband,Широкополосный интернет дома,32,0.447,0.092,0.703,0.0114,0.5016,False
unpaired,Бюллетени без голоса,income,Медианный душевой доход,32,0.337,-0.001,0.604,0.058,1.0,False
unpaired,Бюллетени без голоса,inet,Пользуются интернетом,32,0.267,-0.061,0.551,0.1406,1.0,False
unpaired,Бюллетени без голоса,inet_daily,Интернет каждый день,32,0.128,-0.273,0.477,0.4855,1.0,False
unpaired,Бюллетени без голоса,old,Старше трудоспособного возраста,32,-0.316,-0.605,0.04,0.0797,1.0,False
unpaired,Бюллетени без голоса,unemp,Уровень безработицы,32,0.043,-0.325,0.409,0.8095,1.0,False
unpaired,Бюллетени без голоса,urban,Городское население,32,0.223,-0.135,0.535,0.2179,1.0,False
uptake,Охват ДЭГ (записались на 100 жителей),bband,Широкополосный интернет дома,32,-0.251,-0.569,0.124,0.1679,1.0,False
uptake,Охват ДЭГ (записались на 100 жителей),income,Медианный душевой доход,32,-0.15,-0.545,0.29,0.4184,1.0,False
uptake,Охват ДЭГ (записались на 100 жителей),inet,Пользуются интернетом,32,-0.244,-0.557,0.133,0.1766,1.0,False
uptake,Охват ДЭГ (записались на 100 жителей),inet_daily,Интернет каждый день,32,-0.181,-0.545,0.219,0.3269,1.0,False
uptake,Охват ДЭГ (записались на 100 жителей),old,Старше трудоспособного возраста,32,-0.21,-0.535,0.168,0.2488,1.0,False
uptake,Охват ДЭГ (записались на 100 жителей),unemp,Уровень безработицы,32,0.21,-0.17,0.547,0.2535,1.0,False
uptake,Охват ДЭГ (записались на 100 жителей),urban,Городское население,32,-0.328,-0.669,0.073,0.0664,1.0,False
