region_code,region,hour_msk,ballots
22,Алтайский край,2026-09-18 04:00:00,150436
22,Алтайский край,2026-09-18 05:00:00,175017
22,Алтайский край,2026-09-18 06:00:00,96083
22,Алтайский край,2026-09-18 07:00:00,61920
22,Алтайский край,2026-09-18 08:00:00,37225
22,Алтайский край,2026-09-18 09:00:00,28473
22,Алтайский край,2026-09-18 10:00:00,27882
22,Алтайский край,2026-09-18 11:00:00,23317
22,Алтайский край,2026-09-18 12:00:00,19091
22,Алтайский край,2026-09-18 13:00:00,16639
22,Алтайский край,2026-09-18 14:00:00,16172
22,Алтайский край,2026-09-18 15:00:00,14781
22,Алтайский край,2026-09-18 16:00:00,12442
22,Алтайский край,2026-09-18 17:00:00,12371
22,Алтайский край,2026-09-18 18:00:00,9164
22,Алтайский край,2026-09-18 19:00:00,5164
22,Алтайский край,2026-09-18 20:00:00,2510
22,Алтайский край,2026-09-18 21:00:00,1240
22,Алтайский край,2026-09-18 22:00:00,690
22,Алтайский край,2026-09-18 23:00:00,420
22,Алтайский край,2026-09-19 00:00:00,234
22,Алтайский край,2026-09-19 01:00:00,339
22,Алтайский край,2026-09-19 02:00:00,693
22,Алтайский край,2026-09-19 03:00:00,1779
22,Алтайский край,2026-09-19 04:00:00,4962
22,Алтайский край,2026-09-19 05:00:00,8563
22,Алтайский край,2026-09-19 06:00:00,10882
22,Алтайский край,2026-09-19 07:00:00,11743
22,Алтайский край,2026-09-19 08:00:00,9955
22,Алтайский край,2026-09-19 09:00:00,8760
22,Алтайский край,2026-09-19 10:00:00,14941
22,Алтайский край,2026-09-19 11:00:00,8397
22,Алтайский край,2026-09-19 12:00:00,6684
22,Алтайский край,2026-09-19 13:00:00,7166
22,Алтайский край,2026-09-19 14:00:00,6528
22,Алтайский край,2026-09-19 15:00:00,5290
22,Алтайский край,2026-09-19 16:00:00,4777
22,Алтайский край,2026-09-19 17:00:00,4794
22,Алтайский край,2026-09-19 18:00:00,4069
22,Алтайский край,2026-09-19 19:00:00,2505
22,Алтайский край,2026-09-19 20:00:00,1339
22,Алтайский край,2026-09-19 21:00:00,744
22,Алтайский край,2026-09-19 22:00:00,416
22,Алтайский край,2026-09-19 23:00:00,281
22,Алтайский край,2026-09-20 00:00:00,229
22,Алтайский край,2026-09-20 01:00:00,233
22,Алтайский край,2026-09-20 02:00:00,277
22,Алтайский край,2026-09-20 03:00:00,1020
22,Алтайский край,2026-09-20 04:00:00,2702
22,Алтайский край,2026-09-20 05:00:00,4914
22,Алтайский край,2026-09-20 06:00:00,7107
22,Алтайский край,2026-09-20 07:00:00,10735
22,Алтайский край,2026-09-20 08:00:00,9019
22,Алтайский край,2026-09-20 09:00:00,6831
22,Алтайский край,2026-09-20 10:00:00,8575
22,Алтайский край,2026-09-20 11:00:00,5674
22,Алтайский край,2026-09-20 12:00:00,5227
22,Алтайский край,2026-09-20 13:00:00,5110
22,Алтайский край,2026-09-20 14:00:00,4257
22,Алтайский край,2026-09-20 15:00:00,4239
22,Алтайский край,2026-09-20 16:00:00,1965
29,Архангельская область,2026-09-18 08:00:00,16697
29,Архангельская область,2026-09-18 09:00:00,27013
29,Архангельская область,2026-09-18 10:00:00,19313
29,Архангельская область,2026-09-18 11:00:00,12899
29,Архангельская область,2026-09-18 12:00:00,9090
29,Архангельская область,2026-09-18 13:00:00,7651
29,Архангельская область,2026-09-18 14:00:00,6328
29,Архангельская область,2026-09-18 15:00:00,5166
29,Архангельская область,2026-09-18 16:00:00,4836
29,Архангельская область,2026-09-18 17:00:00,6356
29,Архангельская область,2026-09-18 18:00:00,4436
29,Архангельская область,2026-09-18 19:00:00,4039
29,Архангельская область,2026-09-18 20:00:00,2785
29,Архангельская область,2026-09-18 21:00:00,2221
29,Архангельская область,2026-09-18 22:00:00,1600
29,Архангельская область,2026-09-18 23:00:00,950
29,Архангельская область,2026-09-19 00:00:00,486
29,Архангельская область,2026-09-19 01:00:00,238
29,Архангельская область,2026-09-19 02:00:00,131
29,Архангельская область,2026-09-19 03:00:00,61
29,Архангельская область,2026-09-19 04:00:00,34
29,Архангельская область,2026-09-19 05:00:00,112
29,Архангельская область,2026-09-19 06:00:00,202
29,Архангельская область,2026-09-19 07:00:00,493
29,Архангельская область,2026-09-19 08:00:00,1158
29,Архангельская область,2026-09-19 09:00:00,1752
29,Архангельская область,2026-09-19 10:00:00,1763
29,Архангельская область,2026-09-19 11:00:00,2197
29,Архангельская область,2026-09-19 12:00:00,2417
29,Архангельская область,2026-09-19 13:00:00,1571
29,Архангельская область,2026-09-19 14:00:00,1449
29,Архангельская область,2026-09-19 15:00:00,1338
29,Архангельская область,2026-09-19 16:00:00,1222
29,Архангельская область,2026-09-19 17:00:00,1158
29,Архангельская область,2026-09-19 18:00:00,1053
29,Архангельская область,2026-09-19 19:00:00,957
29,Архангельская область,2026-09-19 20:00:00,828
29,Архангельская область,2026-09-19 21:00:00,695
29,Архангельская область,2026-09-19 22:00:00,602
29,Архангельская область,2026-09-19 23:00:00,414
29,Архангельская область,2026-09-20 00:00:00,215
29,Архангельская область,2026-09-20 01:00:00,164
29,Архангельская область,2026-09-20 02:00:00,84
29,Архангельская область,2026-09-20 03:00:00,59
29,Архангельская область,2026-09-20 04:00:00,47
29,Архангельская область,2026-09-20 05:00:00,39
29,Архангельская область,2026-09-20 06:00:00,147
29,Архангельская область,2026-09-20 07:00:00,270
29,Архангельская область,2026-09-20 08:00:00,786
29,Архангельская область,2026-09-20 09:00:00,1300
29,Архангельская область,2026-09-20 10:00:00,1420
29,Архангельская область,2026-09-20 11:00:00,1524
29,Архангельская область,2026-09-20 12:00:00,1379
29,Архангельская область,2026-09-20 13:00:00,1398
29,Архангельская область,2026-09-20 14:00:00,2064
29,Архангельская область,2026-09-20 15:00:00,1201
29,Архангельская область,2026-09-20 16:00:00,1091
29,Архангельская область,2026-09-20 17:00:00,1053
29,Архангельская область,2026-09-20 18:00:00,1070
29,Архангельская область,2026-09-20 19:00:00,1125
29,Архангельская область,2026-09-20 20:00:00,500
31,Белгородская область,2026-09-18 08:00:00,41972
31,Белгородская область,2026-09-18 09:00:00,58786
31,Белгородская область,2026-09-18 10:00:00,40195
31,Белгородская область,2026-09-18 11:00:00,24669
31,Белгородская область,2026-09-18 12:00:00,17616
31,Белгородская область,2026-09-18 13:00:00,13961
31,Белгородская область,2026-09-18 14:00:00,11253
31,Белгородская область,2026-09-18 15:00:00,9403
31,Белгородская область,2026-09-18 16:00:00,7897
31,Белгородская область,2026-09-18 17:00:00,6989
31,Белгородская область,2026-09-18 18:00:00,7001
31,Белгородская область,2026-09-18 19:00:00,6593
31,Белгородская область,2026-09-18 20:00:00,5848
31,Белгородская область,2026-09-18 21:00:00,4980
31,Белгородская область,2026-09-18 22:00:00,3552
31,Белгородская область,2026-09-18 23:00:00,1897
31,Белгородская область,2026-09-19 00:00:00,909
31,Белгородская область,2026-09-19 01:00:00,406
31,Белгородская область,2026-09-19 02:00:00,217
31,Белгородская область,2026-09-19 03:00:00,99
31,Белгородская область,2026-09-19 04:00:00,103
31,Белгородская область,2026-09-19 05:00:00,158
31,Белгородская область,2026-09-19 06:00:00,425
31,Белгородская область,2026-09-19 07:00:00,1253
31,Белгородская область,2026-09-19 08:00:00,2870
31,Белгородская область,2026-09-19 09:00:00,4211
31,Белгородская область,2026-09-19 10:00:00,4323
31,Белгородская область,2026-09-19 11:00:00,5528
31,Белгородская область,2026-09-19 12:00:00,5654
31,Белгородская область,2026-09-19 13:00:00,4000
31,Белгородская область,2026-09-19 14:00:00,3280
31,Белгородская область,2026-09-19 15:00:00,2709
31,Белгородская область,2026-09-19 16:00:00,2298
31,Белгородская область,2026-09-19 17:00:00,2028
31,Белгородская область,2026-09-19 18:00:00,2081
31,Белгородская область,2026-09-19 19:00:00,1931
31,Белгородская область,2026-09-19 20:00:00,1900
31,Белгородская область,2026-09-19 21:00:00,1641
31,Белгородская область,2026-09-19 22:00:00,1440
31,Белгородская область,2026-09-19 23:00:00,906
31,Белгородская область,2026-09-20 00:00:00,572
31,Белгородская область,2026-09-20 01:00:00,271
31,Белгородская область,2026-09-20 02:00:00,199
31,Белгородская область,2026-09-20 03:00:00,57
31,Белгородская область,2026-09-20 04:00:00,79
31,Белгородская область,2026-09-20 05:00:00,90
31,Белгородская область,2026-09-20 06:00:00,274
31,Белгородская область,2026-09-20 07:00:00,795
31,Белгородская область,2026-09-20 08:00:00,1916
31,Белгородская область,2026-09-20 09:00:00,3212
31,Белгородская область,2026-09-20 10:00:00,3472
31,Белгородская область,2026-09-20 11:00:00,3367
31,Белгородская область,2026-09-20 12:00:00,3130
31,Белгородская область,2026-09-20 13:00:00,2712
31,Белгородская область,2026-09-20 14:00:00,3991
31,Белгородская область,2026-09-20 15:00:00,2545
31,Белгородская область,2026-09-20 16:00:00,2097
31,Белгородская область,2026-09-20 17:00:00,1901
31,Белгородская область,2026-09-20 18:00:00,1978
31,Белгородская область,2026-09-20 19:00:00,2049
31,Белгородская область,2026-09-20 20:00:00,990
33,Владимирская область,2026-09-18 08:00:00,19108
33,Владимирская область,2026-09-18 09:00:00,23657
33,Владимирская область,2026-09-18 10:00:00,16468
33,Владимирская область,2026-09-18 11:00:00,11436
33,Владимирская область,2026-09-18 12:00:00,7996
33,Владимирская область,2026-09-18 13:00:00,6975
33,Владимирская область,2026-09-18 14:00:00,5068
33,Владимирская область,2026-09-18 15:00:00,4213
33,Владимирская область,2026-09-18 16:00:00,4017
33,Владимирская область,2026-09-18 17:00:00,5670
33,Владимирская область,2026-09-18 18:00:00,3999
33,Владимирская область,2026-09-18 19:00:00,3457
33,Владимирская область,2026-09-18 20:00:00,2587
33,Владимирская область,2026-09-18 21:00:00,1977
33,Владимирская область,2026-09-18 22:00:00,1365
33,Владимирская область,2026-09-18 23:00:00,628
33,Владимирская область,2026-09-19 00:00:00,310
33,Владимирская область,2026-09-19 01:00:00,153
33,Владимирская область,2026-09-19 02:00:00,84
33,Владимирская область,2026-09-19 03:00:00,46
33,Владимирская область,2026-09-19 04:00:00,52
33,Владимирская область,2026-09-19 05:00:00,79
33,Владимирская область,2026-09-19 06:00:00,186
33,Владимирская область,2026-09-19 07:00:00,532
33,Владимирская область,2026-09-19 08:00:00,1068
33,Владимирская область,2026-09-19 09:00:00,1644
33,Владимирская область,2026-09-19 10:00:00,1798
33,Владимирская область,2026-09-19 11:00:00,2016
33,Владимирская область,2026-09-19 12:00:00,2068
33,Владимирская область,2026-09-19 13:00:00,1370
33,Владимирская область,2026-09-19 14:00:00,1223
33,Владимирская область,2026-09-19 15:00:00,971
33,Владимирская область,2026-09-19 16:00:00,973
33,Владимирская область,2026-09-19 17:00:00,977
33,Владимирская область,2026-09-19 18:00:00,838
33,Владимирская область,2026-09-19 19:00:00,908
33,Владимирская область,2026-09-19 20:00:00,744
33,Владимирская область,2026-09-19 21:00:00,608
33,Владимирская область,2026-09-19 22:00:00,438
33,Владимирская область,2026-09-19 23:00:00,328
33,Владимирская область,2026-09-20 00:00:00,142
33,Владимирская область,2026-09-20 01:00:00,111
33,Владимирская область,2026-09-20 02:00:00,44
33,Владимирская область,2026-09-20 03:00:00,55
33,Владимирская область,2026-09-20 04:00:00,24
33,Владимирская область,2026-09-20 05:00:00,44
33,Владимирская область,2026-09-20 06:00:00,107
33,Владимирская область,2026-09-20 07:00:00,252
33,Владимирская область,2026-09-20 08:00:00,852
33,Владимирская область,2026-09-20 09:00:00,1376
33,Владимирская область,2026-09-20 10:00:00,1379
33,Владимирская область,2026-09-20 11:00:00,1454
33,Владимирская область,2026-09-20 12:00:00,1267
33,Владимирская область,2026-09-20 13:00:00,1100
33,Владимирская область,2026-09-20 14:00:00,1594
33,Владимирская область,2026-09-20 15:00:00,957
33,Владимирская область,2026-09-20 16:00:00,936
33,Владимирская область,2026-09-20 17:00:00,908
33,Владимирская область,2026-09-20 18:00:00,943
33,Владимирская область,2026-09-20 19:00:00,856
33,Владимирская область,2026-09-20 20:00:00,382
35,Вологодская область,2026-09-18 08:00:00,23171
35,Вологодская область,2026-09-18 09:00:00,28076
35,Вологодская область,2026-09-18 10:00:00,21070
35,Вологодская область,2026-09-18 11:00:00,14764
35,Вологодская область,2026-09-18 12:00:00,10416
35,Вологодская область,2026-09-18 13:00:00,8691
35,Вологодская область,2026-09-18 14:00:00,6751
35,Вологодская область,2026-09-18 15:00:00,5707
35,Вологодская область,2026-09-18 16:00:00,5208
35,Вологодская область,2026-09-18 17:00:00,6622
35,Вологодская область,2026-09-18 18:00:00,4948
35,Вологодская область,2026-09-18 19:00:00,4022
35,Вологодская область,2026-09-18 20:00:00,3683
35,Вологодская область,2026-09-18 21:00:00,2618
35,Вологодская область,2026-09-18 22:00:00,1989
35,Вологодская область,2026-09-18 23:00:00,984
35,Вологодская область,2026-09-19 00:00:00,500
35,Вологодская область,2026-09-19 01:00:00,240
35,Вологодская область,2026-09-19 02:00:00,101
35,Вологодская область,2026-09-19 03:00:00,68
35,Вологодская область,2026-09-19 04:00:00,69
35,Вологодская область,2026-09-19 05:00:00,126
35,Вологодская область,2026-09-19 06:00:00,297
35,Вологодская область,2026-09-19 07:00:00,597
35,Вологодская область,2026-09-19 08:00:00,1625
35,Вологодская область,2026-09-19 09:00:00,2085
35,Вологодская область,2026-09-19 10:00:00,2359
35,Вологодская область,2026-09-19 11:00:00,2565
35,Вологодская область,2026-09-19 12:00:00,2871
35,Вологодская область,2026-09-19 13:00:00,1969
35,Вологодская область,2026-09-19 14:00:00,1884
35,Вологодская область,2026-09-19 15:00:00,1822
35,Вологодская область,2026-09-19 16:00:00,1651
35,Вологодская область,2026-09-19 17:00:00,1433
35,Вологодская область,2026-09-19 18:00:00,1258
35,Вологодская область,2026-09-19 19:00:00,1073
35,Вологодская область,2026-09-19 20:00:00,1073
35,Вологодская область,2026-09-19 21:00:00,1037
35,Вологодская область,2026-09-19 22:00:00,774
35,Вологодская область,2026-09-19 23:00:00,525
35,Вологодская область,2026-09-20 00:00:00,329
35,Вологодская область,2026-09-20 01:00:00,177
35,Вологодская область,2026-09-20 02:00:00,92
35,Вологодская область,2026-09-20 03:00:00,99
35,Вологодская область,2026-09-20 04:00:00,57
35,Вологодская область,2026-09-20 05:00:00,100
35,Вологодская область,2026-09-20 06:00:00,206
35,Вологодская область,2026-09-20 07:00:00,499
35,Вологодская область,2026-09-20 08:00:00,1204
35,Вологодская область,2026-09-20 09:00:00,2036
35,Вологодская область,2026-09-20 10:00:00,2039
35,Вологодская область,2026-09-20 11:00:00,2184
35,Вологодская область,2026-09-20 12:00:00,2398
35,Вологодская область,2026-09-20 13:00:00,1893
35,Вологодская область,2026-09-20 14:00:00,3168
35,Вологодская область,2026-09-20 15:00:00,1971
35,Вологодская область,2026-09-20 16:00:00,2044
35,Вологодская область,2026-09-20 17:00:00,1632
35,Вологодская область,2026-09-20 18:00:00,1742
35,Вологодская область,2026-09-20 19:00:00,1929
35,Вологодская область,2026-09-20 20:00:00,766
39,Калининградская область,2026-09-18 09:00:00,38900
39,Калининградская область,2026-09-18 10:00:00,57861
39,Калининградская область,2026-09-18 11:00:00,33124
39,Калининградская область,2026-09-18 12:00:00,19888
39,Калининградская область,2026-09-18 13:00:00,13979
39,Калининградская область,2026-09-18 14:00:00,10509
39,Калининградская область,2026-09-18 15:00:00,9291
39,Калининградская область,2026-09-18 16:00:00,9215
39,Калининградская область,2026-09-18 17:00:00,11420
39,Калининградская область,2026-09-18 18:00:00,7239
39,Калининградская область,2026-09-18 19:00:00,5832
39,Калининградская область,2026-09-18 20:00:00,5360
39,Калининградская область,2026-09-18 21:00:00,4114
39,Калининградская область,2026-09-18 22:00:00,3202
39,Калининградская область,2026-09-18 23:00:00,2218
39,Калининградская область,2026-09-19 00:00:00,1264
39,Калининградская область,2026-09-19 01:00:00,675
39,Калининградская область,2026-09-19 02:00:00,314
39,Калининградская область,2026-09-19 03:00:00,154
39,Калининградская область,2026-09-19 04:00:00,107
39,Калининградская область,2026-09-19 05:00:00,69
39,Калининградская область,2026-09-19 06:00:00,146
39,Калининградская область,2026-09-19 07:00:00,366
39,Калининградская область,2026-09-19 08:00:00,1003
39,Калининградская область,2026-09-19 09:00:00,1923
39,Калининградская область,2026-09-19 10:00:00,3346
39,Калининградская область,2026-09-19 11:00:00,4608
39,Калининградская область,2026-09-19 12:00:00,4746
39,Калининградская область,2026-09-19 13:00:00,3138
39,Калининградская область,2026-09-19 14:00:00,2752
39,Калининградская область,2026-09-19 15:00:00,2414
39,Калининградская область,2026-09-19 16:00:00,1999
39,Калининградская область,2026-09-19 17:00:00,1874
39,Калининградская область,2026-09-19 18:00:00,1680
39,Калининградская область,2026-09-19 19:00:00,1493
39,Калининградская область,2026-09-19 20:00:00,1492
39,Калининградская область,2026-09-19 21:00:00,1336
39,Калининградская область,2026-09-19 22:00:00,1220
39,Калининградская область,2026-09-19 23:00:00,959
39,Калининградская область,2026-09-20 00:00:00,594
39,Калининградская область,2026-09-20 01:00:00,452
39,Калининградская область,2026-09-20 02:00:00,207
39,Калининградская область,2026-09-20 03:00:00,138
39,Калининградская область,2026-09-20 04:00:00,98
39,Калининградская область,2026-09-20 05:00:00,59
39,Калининградская область,2026-09-20 06:00:00,129
39,Калининградская область,2026-09-20 07:00:00,261
39,Калининградская область,2026-09-20 08:00:00,589
39,Калининградская область,2026-09-20 09:00:00,1431
39,Калининградская область,2026-09-20 10:00:00,2221
39,Калининградская область,2026-09-20 11:00:00,2747
39,Калининградская область,2026-09-20 12:00:00,3155
39,Калининградская область,2026-09-20 13:00:00,2743
39,Калининградская область,2026-09-20 14:00:00,3851
39,Калининградская область,2026-09-20 15:00:00,2490
39,Калининградская область,2026-09-20 16:00:00,1879
39,Калининградская область,2026-09-20 17:00:00,1570
39,Калининградская область,2026-09-20 18:00:00,1523
39,Калининградская область,2026-09-20 19:00:00,1583
39,Калининградская область,2026-09-20 20:00:00,1598
39,Калининградская область,2026-09-20 21:00:00,656
40,Калужская область,2026-09-18 08:00:00,16744
40,Калужская область,2026-09-18 09:00:00,24822
40,Калужская область,2026-09-18 10:00:00,17636
40,Калужская область,2026-09-18 11:00:00,11180
40,Калужская область,2026-09-18 12:00:00,7368
40,Калужская область,2026-09-18 13:00:00,5814
40,Калужская область,2026-09-18 14:00:00,4464
40,Калужская область,2026-09-18 15:00:00,3794
40,Калужская область,2026-09-18 16:00:00,3520
40,Калужская область,2026-09-18 17:00:00,4482
40,Калужская область,2026-09-18 18:00:00,3262
40,Калужская область,2026-09-18 19:00:00,2798
40,Калужская область,2026-09-18 20:00:00,2136
40,Калужская область,2026-09-18 21:00:00,1762
40,Калужская область,2026-09-18 22:00:00,1248
40,Калужская область,2026-09-18 23:00:00,658
40,Калужская область,2026-09-19 00:00:00,342
40,Калужская область,2026-09-19 01:00:00,150
40,Калужская область,2026-09-19 02:00:00,68
40,Калужская область,2026-09-19 03:00:00,42
40,Калужская область,2026-09-19 04:00:00,38
40,Калужская область,2026-09-19 05:00:00,60
40,Калужская область,2026-09-19 06:00:00,146
40,Калужская область,2026-09-19 07:00:00,398
40,Калужская область,2026-09-19 08:00:00,884
40,Калужская область,2026-09-19 09:00:00,1308
40,Калужская область,2026-09-19 10:00:00,1494
40,Калужская область,2026-09-19 11:00:00,1874
40,Калужская область,2026-09-19 12:00:00,1754
40,Калужская область,2026-09-19 13:00:00,1358
40,Калужская область,2026-09-19 14:00:00,1066
40,Калужская область,2026-09-19 15:00:00,914
40,Калужская область,2026-09-19 16:00:00,818
40,Калужская область,2026-09-19 17:00:00,724
40,Калужская область,2026-09-19 18:00:00,722
40,Калужская область,2026-09-19 19:00:00,706
40,Калужская область,2026-09-19 20:00:00,668
40,Калужская область,2026-09-19 21:00:00,576
40,Калужская область,2026-09-19 22:00:00,528
40,Калужская область,2026-09-19 23:00:00,350
40,Калужская область,2026-09-20 00:00:00,192
40,Калужская область,2026-09-20 01:00:00,98
40,Калужская область,2026-09-20 02:00:00,48
40,Калужская область,2026-09-20 03:00:00,32
40,Калужская область,2026-09-20 04:00:00,50
40,Калужская область,2026-09-20 05:00:00,48
40,Калужская область,2026-09-20 06:00:00,80
40,Калужская область,2026-09-20 07:00:00,196
40,Калужская область,2026-09-20 08:00:00,542
40,Калужская область,2026-09-20 09:00:00,954
40,Калужская область,2026-09-20 10:00:00,1300
40,Калужская область,2026-09-20 11:00:00,1262
40,Калужская область,2026-09-20 12:00:00,1062
40,Калужская область,2026-09-20 13:00:00,916
40,Калужская область,2026-09-20 14:00:00,1482
40,Калужская область,2026-09-20 15:00:00,914
40,Калужская область,2026-09-20 16:00:00,722
40,Калужская область,2026-09-20 17:00:00,810
40,Калужская область,2026-09-20 18:00:00,850
40,Калужская область,2026-09-20 19:00:00,784
40,Калужская область,2026-09-20 20:00:00,390
44,Костромская область,2026-09-18 08:00:00,10560
44,Костромская область,2026-09-18 09:00:00,14265
44,Костромская область,2026-09-18 10:00:00,8633
44,Костромская область,2026-09-18 11:00:00,5527
44,Костромская область,2026-09-18 12:00:00,3647
44,Костромская область,2026-09-18 13:00:00,2860
44,Костромская область,2026-09-18 14:00:00,2282
44,Костромская область,2026-09-18 15:00:00,1857
44,Костромская область,2026-09-18 16:00:00,1567
44,Костромская область,2026-09-18 17:00:00,2015
44,Костромская область,2026-09-18 18:00:00,1402
44,Костромская область,2026-09-18 19:00:00,1323
44,Костромская область,2026-09-18 20:00:00,1003
44,Костромская область,2026-09-18 21:00:00,739
44,Костромская область,2026-09-18 22:00:00,475
44,Костромская область,2026-09-18 23:00:00,221
44,Костромская область,2026-09-19 00:00:00,118
44,Костромская область,2026-09-19 01:00:00,51
44,Костромская область,2026-09-19 02:00:00,29
44,Костромская область,2026-09-19 03:00:00,14
44,Костромская область,2026-09-19 04:00:00,11
44,Костромская область,2026-09-19 05:00:00,27
44,Костромская область,2026-09-19 06:00:00,74
44,Костромская область,2026-09-19 07:00:00,203
44,Костромская область,2026-09-19 08:00:00,434
44,Костромская область,2026-09-19 09:00:00,601
44,Костромская область,2026-09-19 10:00:00,602
44,Костромская область,2026-09-19 11:00:00,771
44,Костромская область,2026-09-19 12:00:00,760
44,Костромская область,2026-09-19 13:00:00,489
44,Костромская область,2026-09-19 14:00:00,421
44,Костромская область,2026-09-19 15:00:00,401
44,Костромская область,2026-09-19 16:00:00,320
44,Костромская область,2026-09-19 17:00:00,310
44,Костромская область,2026-09-19 18:00:00,275
44,Костромская область,2026-09-19 19:00:00,303
44,Костромская область,2026-09-19 20:00:00,300
44,Костромская область,2026-09-19 21:00:00,217
44,Костромская область,2026-09-19 22:00:00,165
44,Костромская область,2026-09-19 23:00:00,134
44,Костромская область,2026-09-20 00:00:00,69
44,Костромская область,2026-09-20 01:00:00,33
44,Костромская область,2026-09-20 02:00:00,25
44,Костромская область,2026-09-20 03:00:00,7
44,Костромская область,2026-09-20 04:00:00,17
44,Костромская область,2026-09-20 05:00:00,18
44,Костромская область,2026-09-20 06:00:00,34
44,Костромская область,2026-09-20 07:00:00,92
44,Костромская область,2026-09-20 08:00:00,251
44,Костромская область,2026-09-20 09:00:00,441
44,Костромская область,2026-09-20 10:00:00,551
44,Костромская область,2026-09-20 11:00:00,575
44,Костромская область,2026-09-20 12:00:00,492
44,Костромская область,2026-09-20 13:00:00,447
44,Костромская область,2026-09-20 14:00:00,682
44,Костромская область,2026-09-20 15:00:00,382
44,Костромская область,2026-09-20 16:00:00,316
44,Костромская область,2026-09-20 17:00:00,340
44,Костромская область,2026-09-20 18:00:00,319
44,Костромская область,2026-09-20 19:00:00,350
44,Костромская область,2026-09-20 20:00:00,117
45,Курганская область,2026-09-18 06:00:00,14111
45,Курганская область,2026-09-18 07:00:00,13323
45,Курганская область,2026-09-18 08:00:00,5425
45,Курганская область,2026-09-18 09:00:00,3686
45,Курганская область,2026-09-18 10:00:00,2979
45,Курганская область,2026-09-18 11:00:00,2560
45,Курганская область,2026-09-18 12:00:00,1943
45,Курганская область,2026-09-18 13:00:00,1522
45,Курганская область,2026-09-18 14:00:00,1304
45,Курганская область,2026-09-18 15:00:00,1261
45,Курганская область,2026-09-18 16:00:00,1206
45,Курганская область,2026-09-18 17:00:00,959
45,Курганская область,2026-09-18 18:00:00,892
45,Курганская область,2026-09-18 19:00:00,790
45,Курганская область,2026-09-18 20:00:00,639
45,Курганская область,2026-09-18 21:00:00,344
45,Курганская область,2026-09-18 22:00:00,161
45,Курганская область,2026-09-18 23:00:00,68
45,Курганская область,2026-09-19 00:00:00,75
45,Курганская область,2026-09-19 01:00:00,23
45,Курганская область,2026-09-19 02:00:00,24
45,Курганская область,2026-09-19 03:00:00,33
45,Курганская область,2026-09-19 04:00:00,59
45,Курганская область,2026-09-19 05:00:00,163
45,Курганская область,2026-09-19 06:00:00,423
45,Курганская область,2026-09-19 07:00:00,598
45,Курганская область,2026-09-19 08:00:00,731
45,Курганская область,2026-09-19 09:00:00,646
45,Курганская область,2026-09-19 10:00:00,1438
45,Курганская область,2026-09-19 11:00:00,636
45,Курганская область,2026-09-19 12:00:00,479
45,Курганская область,2026-09-19 13:00:00,419
45,Курганская область,2026-09-19 14:00:00,392
45,Курганская область,2026-09-19 15:00:00,403
45,Курганская область,2026-09-19 16:00:00,386
45,Курганская область,2026-09-19 17:00:00,339
45,Курганская область,2026-09-19 18:00:00,338
45,Курганская область,2026-09-19 19:00:00,261
45,Курганская область,2026-09-19 20:00:00,200
45,Курганская область,2026-09-19 21:00:00,136
45,Курганская область,2026-09-19 22:00:00,89
45,Курганская область,2026-09-19 23:00:00,41
45,Курганская область,2026-09-20 00:00:00,28
45,Курганская область,2026-09-20 01:00:00,18
45,Курганская область,2026-09-20 02:00:00,11
45,Курганская область,2026-09-20 03:00:00,12
45,Курганская область,2026-09-20 04:00:00,24
45,Курганская область,2026-09-20 05:00:00,129
45,Курганская область,2026-09-20 06:00:00,287
45,Курганская область,2026-09-20 07:00:00,475
45,Курганская область,2026-09-20 08:00:00,567
45,Курганская область,2026-09-20 09:00:00,561
45,Курганская область,2026-09-20 10:00:00,972
45,Курганская область,2026-09-20 11:00:00,610
45,Курганская область,2026-09-20 12:00:00,457
45,Курганская область,2026-09-20 13:00:00,396
45,Курганская область,2026-09-20 14:00:00,306
45,Курганская область,2026-09-20 15:00:00,316
45,Курганская область,2026-09-20 16:00:00,316
45,Курганская область,2026-09-20 17:00:00,291
45,Курганская область,2026-09-20 18:00:00,199
48,Липецкая область,2026-09-18 08:00:00,38856
48,Липецкая область,2026-09-18 09:00:00,58824
48,Липецкая область,2026-09-18 10:00:00,38952
48,Липецкая область,2026-09-18 11:00:00,24664
48,Липецкая область,2026-09-18 12:00:00,17168
48,Липецкая область,2026-09-18 13:00:00,13496
48,Липецкая область,2026-09-18 14:00:00,10700
48,Липецкая область,2026-09-18 15:00:00,8720
48,Липецкая область,2026-09-18 16:00:00,7820
48,Липецкая область,2026-09-18 17:00:00,10000
48,Липецкая область,2026-09-18 18:00:00,7556
48,Липецкая область,2026-09-18 19:00:00,6652
48,Липецкая область,2026-09-18 20:00:00,5248
48,Липецкая область,2026-09-18 21:00:00,4016
48,Липецкая область,2026-09-18 22:00:00,2892
48,Липецкая область,2026-09-18 23:00:00,1536
48,Липецкая область,2026-09-19 00:00:00,792
48,Липецкая область,2026-09-19 01:00:00,384
48,Липецкая область,2026-09-19 02:00:00,160
48,Липецкая область,2026-09-19 03:00:00,108
48,Липецкая область,2026-09-19 04:00:00,56
48,Липецкая область,2026-09-19 05:00:00,160
48,Липецкая область,2026-09-19 06:00:00,432
48,Липецкая область,2026-09-19 07:00:00,1024
48,Липецкая область,2026-09-19 08:00:00,2232
48,Липецкая область,2026-09-19 09:00:00,3316
48,Липецкая область,2026-09-19 10:00:00,3600
48,Липецкая область,2026-09-19 11:00:00,4012
48,Липецкая область,2026-09-19 12:00:00,4124
48,Липецкая область,2026-09-19 13:00:00,2608
48,Липецкая область,2026-09-19 14:00:00,2364
48,Липецкая область,2026-09-19 15:00:00,2000
48,Липецкая область,2026-09-19 16:00:00,1668
48,Липецкая область,2026-09-19 17:00:00,1692
48,Липецкая область,2026-09-19 18:00:00,1664
48,Липецкая область,2026-09-19 19:00:00,1556
48,Липецкая область,2026-09-19 20:00:00,1472
48,Липецкая область,2026-09-19 21:00:00,1308
48,Липецкая область,2026-09-19 22:00:00,1036
48,Липецкая область,2026-09-19 23:00:00,560
48,Липецкая область,2026-09-20 00:00:00,412
48,Липецкая область,2026-09-20 01:00:00,192
48,Липецкая область,2026-09-20 02:00:00,140
48,Липецкая область,2026-09-20 03:00:00,72
48,Липецкая область,2026-09-20 04:00:00,64
48,Липецкая область,2026-09-20 05:00:00,96
48,Липецкая область,2026-09-20 06:00:00,224
48,Липецкая область,2026-09-20 07:00:00,572
48,Липецкая область,2026-09-20 08:00:00,1396
48,Липецкая область,2026-09-20 09:00:00,2576
48,Липецкая область,2026-09-20 10:00:00,2772
48,Липецкая область,2026-09-20 11:00:00,2740
48,Липецкая область,2026-09-20 12:00:00,2756
48,Липецкая область,2026-09-20 13:00:00,2344
48,Липецкая область,2026-09-20 14:00:00,3116
48,Липецкая область,2026-09-20 15:00:00,2204
48,Липецкая область,2026-09-20 16:00:00,1780
48,Липецкая область,2026-09-20 17:00:00,1792
48,Липецкая область,2026-09-20 18:00:00,1704
48,Липецкая область,2026-09-20 19:00:00,1796
48,Липецкая область,2026-09-20 20:00:00,808
49,Магаданская область,2026-09-18 00:00:00,1526
49,Магаданская область,2026-09-18 01:00:00,2386
49,Магаданская область,2026-09-18 02:00:00,1110
49,Магаданская область,2026-09-18 03:00:00,894
49,Магаданская область,2026-09-18 04:00:00,1480
49,Магаданская область,2026-09-18 05:00:00,802
49,Магаданская область,2026-09-18 06:00:00,624
49,Магаданская область,2026-09-18 07:00:00,526
49,Магаданская область,2026-09-18 08:00:00,362
49,Магаданская область,2026-09-18 09:00:00,406
49,Магаданская область,2026-09-18 10:00:00,360
49,Магаданская область,2026-09-18 11:00:00,314
49,Магаданская область,2026-09-18 12:00:00,300
49,Магаданская область,2026-09-18 13:00:00,196
49,Магаданская область,2026-09-18 14:00:00,136
49,Магаданская область,2026-09-18 15:00:00,94
49,Магаданская область,2026-09-18 16:00:00,58
49,Магаданская область,2026-09-18 17:00:00,38
49,Магаданская область,2026-09-18 18:00:00,40
49,Магаданская область,2026-09-18 19:00:00,30
49,Магаданская область,2026-09-18 20:00:00,32
49,Магаданская область,2026-09-18 21:00:00,46
49,Магаданская область,2026-09-18 22:00:00,34
49,Магаданская область,2026-09-18 23:00:00,34
49,Магаданская область,2026-09-19 00:00:00,78
49,Магаданская область,2026-09-19 01:00:00,86
49,Магаданская область,2026-09-19 02:00:00,118
49,Магаданская область,2026-09-19 03:00:00,200
49,Магаданская область,2026-09-19 04:00:00,184
49,Магаданская область,2026-09-19 05:00:00,124
49,Магаданская область,2026-09-19 06:00:00,96
49,Магаданская область,2026-09-19 07:00:00,106
49,Магаданская область,2026-09-19 08:00:00,86
49,Магаданская область,2026-09-19 09:00:00,112
49,Магаданская область,2026-09-19 10:00:00,52
49,Магаданская область,2026-09-19 11:00:00,56
49,Магаданская область,2026-09-19 12:00:00,52
49,Магаданская область,2026-09-19 13:00:00,96
49,Магаданская область,2026-09-19 14:00:00,38
49,Магаданская область,2026-09-19 15:00:00,40
49,Магаданская область,2026-09-19 16:00:00,34
49,Магаданская область,2026-09-19 17:00:00,26
49,Магаданская область,2026-09-19 18:00:00,30
49,Магаданская область,2026-09-19 19:00:00,10
49,Магаданская область,2026-09-19 20:00:00,8
49,Магаданская область,2026-09-19 21:00:00,22
49,Магаданская область,2026-09-19 22:00:00,8
49,Магаданская область,2026-09-19 23:00:00,20
49,Магаданская область,2026-09-20 00:00:00,60
49,Магаданская область,2026-09-20 01:00:00,94
49,Магаданская область,2026-09-20 02:00:00,66
49,Магаданская область,2026-09-20 03:00:00,106
49,Магаданская область,2026-09-20 04:00:00,72
49,Магаданская область,2026-09-20 05:00:00,80
49,Магаданская область,2026-09-20 06:00:00,80
49,Магаданская область,2026-09-20 07:00:00,72
49,Магаданская область,2026-09-20 08:00:00,70
49,Магаданская область,2026-09-20 09:00:00,70
49,Магаданская область,2026-09-20 10:00:00,88
49,Магаданская область,2026-09-20 11:00:00,56
49,Магаданская область,2026-09-20 12:00:00,32
50,Московская область,2026-09-18 08:00:00,234461
50,Московская область,2026-09-18 09:00:00,427215
50,Московская область,2026-09-18 10:00:00,364305
50,Московская область,2026-09-18 11:00:00,250855
50,Московская область,2026-09-18 12:00:00,175220
50,Московская область,2026-09-18 13:00:00,140644
50,Московская область,2026-09-18 14:00:00,108557
50,Московская область,2026-09-18 15:00:00,89638
50,Московская область,2026-09-18 16:00:00,79456
50,Московская область,2026-09-18 17:00:00,97074
50,Московская область,2026-09-18 18:00:00,65723
50,Московская область,2026-09-18 19:00:00,57595
50,Московская область,2026-09-18 20:00:00,44072
50,Московская область,2026-09-18 21:00:00,33448
50,Московская область,2026-09-18 22:00:00,23445
50,Московская область,2026-09-18 23:00:00,12527
50,Московская область,2026-09-19 00:00:00,6354
50,Московская область,2026-09-19 01:00:00,2944
50,Московская область,2026-09-19 02:00:00,1322
50,Московская область,2026-09-19 03:00:00,880
50,Московская область,2026-09-19 04:00:00,818
50,Московская область,2026-09-19 05:00:00,1033
50,Московская область,2026-09-19 06:00:00,2465
50,Московская область,2026-09-19 07:00:00,6688
50,Московская область,2026-09-19 08:00:00,15133
50,Московская область,2026-09-19 09:00:00,23920
50,Московская область,2026-09-19 10:00:00,28800
50,Московская область,2026-09-19 11:00:00,36197
50,Московская область,2026-09-19 12:00:00,35596
50,Московская область,2026-09-19 13:00:00,25266
50,Московская область,2026-09-19 14:00:00,19997
50,Московская область,2026-09-19 15:00:00,18271
50,Московская область,2026-09-19 16:00:00,16385
50,Московская область,2026-09-19 17:00:00,14397
50,Московская область,2026-09-19 18:00:00,14039
50,Московская область,2026-09-19 19:00:00,12840
50,Московская область,2026-09-19 20:00:00,11658
50,Московская область,2026-09-19 21:00:00,9332
50,Московская область,2026-09-19 22:00:00,7743
50,Московская область,2026-09-19 23:00:00,5120
50,Московская область,2026-09-20 00:00:00,3168
50,Московская область,2026-09-20 01:00:00,1680
50,Московская область,2026-09-20 02:00:00,948
50,Московская область,2026-09-20 03:00:00,490
50,Московская область,2026-09-20 04:00:00,479
50,Московская область,2026-09-20 05:00:00,716
50,Московская область,2026-09-20 06:00:00,1575
50,Московская область,2026-09-20 07:00:00,3358
50,Московская область,2026-09-20 08:00:00,8076
50,Московская область,2026-09-20 09:00:00,14314
50,Московская область,2026-09-20 10:00:00,18157
50,Московская область,2026-09-20 11:00:00,19542
50,Московская область,2026-09-20 12:00:00,19341
50,Московская область,2026-09-20 13:00:00,17247
50,Московская область,2026-09-20 14:00:00,24150
50,Московская область,2026-09-20 15:00:00,16064
50,Московская область,2026-09-20 16:00:00,13609
50,Московская область,2026-09-20 17:00:00,13120
50,Московская область,2026-09-20 18:00:00,12810
50,Московская область,2026-09-20 19:00:00,12838
50,Московская область,2026-09-20 20:00:00,5534
51,Мурманская область,2026-09-18 08:00:00,14343
51,Мурманская область,2026-09-18 09:00:00,21767
51,Мурманская область,2026-09-18 10:00:00,17159
51,Мурманская область,2026-09-18 11:00:00,11750
51,Мурманская область,2026-09-18 12:00:00,8735
51,Мурманская область,2026-09-18 13:00:00,7708
51,Мурманская область,2026-09-18 14:00:00,5930
51,Мурманская область,2026-09-18 15:00:00,5594
51,Мурманская область,2026-09-18 16:00:00,5394
51,Мурманская область,2026-09-18 17:00:00,7271
51,Мурманская область,2026-09-18 18:00:00,4877
51,Мурманская область,2026-09-18 19:00:00,4017
51,Мурманская область,2026-09-18 20:00:00,3173
51,Мурманская область,2026-09-18 21:00:00,2436
51,Мурманская область,2026-09-18 22:00:00,1838
51,Мурманская область,2026-09-18 23:00:00,1126
51,Мурманская область,2026-09-19 00:00:00,608
51,Мурманская область,2026-09-19 01:00:00,360
51,Мурманская область,2026-09-19 02:00:00,176
51,Мурманская область,2026-09-19 03:00:00,120
51,Мурманская область,2026-09-19 04:00:00,92
51,Мурманская область,2026-09-19 05:00:00,132
51,Мурманская область,2026-09-19 06:00:00,196
51,Мурманская область,2026-09-19 07:00:00,521
51,Мурманская область,2026-09-19 08:00:00,1168
51,Мурманская область,2026-09-19 09:00:00,1800
51,Мурманская область,2026-09-19 10:00:00,2258
51,Мурманская область,2026-09-19 11:00:00,2936
51,Мурманская область,2026-09-19 12:00:00,2800
51,Мурманская область,2026-09-19 13:00:00,2051
51,Мурманская область,2026-09-19 14:00:00,1768
51,Мурманская область,2026-09-19 15:00:00,1447
51,Мурманская область,2026-09-19 16:00:00,1270
51,Мурманская область,2026-09-19 17:00:00,1139
51,Мурманская область,2026-09-19 18:00:00,1116
51,Мурманская область,2026-09-19 19:00:00,844
51,Мурманская область,2026-09-19 20:00:00,845
51,Мурманская область,2026-09-19 21:00:00,689
51,Мурманская область,2026-09-19 22:00:00,641
51,Мурманская область,2026-09-19 23:00:00,464
51,Мурманская область,2026-09-20 00:00:00,328
51,Мурманская область,2026-09-20 01:00:00,257
51,Мурманская область,2026-09-20 02:00:00,124
51,Мурманская область,2026-09-20 03:00:00,64
51,Мурманская область,2026-09-20 04:00:00,60
51,Мурманская область,2026-09-20 05:00:00,60
51,Мурманская область,2026-09-20 06:00:00,104
51,Мурманская область,2026-09-20 07:00:00,296
51,Мурманская область,2026-09-20 08:00:00,741
51,Мурманская область,2026-09-20 09:00:00,1278
51,Мурманская область,2026-09-20 10:00:00,1697
51,Мурманская область,2026-09-20 11:00:00,1736
51,Мурманская область,2026-09-20 12:00:00,1694
51,Мурманская область,2026-09-20 13:00:00,1472
51,Мурманская область,2026-09-20 14:00:00,2262
51,Мурманская область,2026-09-20 15:00:00,1346
51,Мурманская область,2026-09-20 16:00:00,1108
51,Мурманская область,2026-09-20 17:00:00,934
51,Мурманская область,2026-09-20 18:00:00,1005
51,Мурманская область,2026-09-20 19:00:00,828
51,Мурманская область,2026-09-20 20:00:00,389
83,Ненецкий автономный округ,2026-09-18 08:00:00,724
83,Ненецкий автономный округ,2026-09-18 09:00:00,1452
83,Ненецкий автономный округ,2026-09-18 10:00:00,1142
83,Ненецкий автономный округ,2026-09-18 11:00:00,766
83,Ненецкий автономный округ,2026-09-18 12:00:00,578
83,Ненецкий автономный округ,2026-09-18 13:00:00,428
83,Ненецкий автономный округ,2026-09-18 14:00:00,348
83,Ненецкий автономный округ,2026-09-18 15:00:00,266
83,Ненецкий автономный округ,2026-09-18 16:00:00,282
83,Ненецкий автономный округ,2026-09-18 17:00:00,348
83,Ненецкий автономный округ,2026-09-18 18:00:00,210
83,Ненецкий автономный округ,2026-09-18 19:00:00,216
83,Ненецкий автономный округ,2026-09-18 20:00:00,150
83,Ненецкий автономный округ,2026-09-18 21:00:00,106
83,Ненецкий автономный округ,2026-09-18 22:00:00,110
83,Ненецкий автономный округ,2026-09-18 23:00:00,32
83,Ненецкий автономный округ,2026-09-19 00:00:00,22
83,Ненецкий автономный округ,2026-09-19 01:00:00,10
83,Ненецкий автономный округ,2026-09-19 02:00:00,8
83,Ненецкий автономный округ,2026-09-19 03:00:00,6
83,Ненецкий автономный округ,2026-09-19 04:00:00,6
83,Ненецкий автономный округ,2026-09-19 05:00:00,10
83,Ненецкий автономный округ,2026-09-19 06:00:00,8
83,Ненецкий автономный округ,2026-09-19 07:00:00,18
83,Ненецкий автономный округ,2026-09-19 08:00:00,52
83,Ненецкий автономный округ,2026-09-19 09:00:00,100
83,Ненецкий автономный округ,2026-09-19 10:00:00,92
83,Ненецкий автономный округ,2026-09-19 11:00:00,158
83,Ненецкий автономный округ,2026-09-19 12:00:00,120
83,Ненецкий автономный округ,2026-09-19 13:00:00,100
83,Ненецкий автономный округ,2026-09-19 14:00:00,96
83,Ненецкий автономный округ,2026-09-19 15:00:00,104
83,Ненецкий автономный округ,2026-09-19 16:00:00,86
83,Ненецкий автономный округ,2026-09-19 17:00:00,80
83,Ненецкий автономный округ,2026-09-19 18:00:00,114
83,Ненецкий автономный округ,2026-09-19 19:00:00,68
83,Ненецкий автономный округ,2026-09-19 20:00:00,82
83,Ненецкий автономный округ,2026-09-19 21:00:00,68
83,Ненецкий автономный округ,2026-09-19 22:00:00,48
83,Ненецкий автономный округ,2026-09-19 23:00:00,34
83,Ненецкий автономный округ,2026-09-20 00:00:00,36
83,Ненецкий автономный округ,2026-09-20 01:00:00,14
83,Ненецкий автономный округ,2026-09-20 03:00:00,4
83,Ненецкий автономный округ,2026-09-20 04:00:00,4
83,Ненецкий автономный округ,2026-09-20 06:00:00,4
83,Ненецкий автономный округ,2026-09-20 07:00:00,16
83,Ненецкий автономный округ,2026-09-20 08:00:00,56
83,Ненецкий автономный округ,2026-09-20 09:00:00,64
83,Ненецкий автономный округ,2026-09-20 10:00:00,92
83,Ненецкий автономный округ,2026-09-20 11:00:00,128
83,Ненецкий автономный округ,2026-09-20 12:00:00,130
83,Ненецкий автономный округ,2026-09-20 13:00:00,94
83,Ненецкий автономный округ,2026-09-20 14:00:00,122
83,Ненецкий автономный округ,2026-09-20 15:00:00,76
83,Ненецкий автономный округ,2026-09-20 16:00:00,86
83,Ненецкий автономный округ,2026-09-20 17:00:00,82
83,Ненецкий автономный округ,2026-09-20 18:00:00,94
83,Ненецкий автономный округ,2026-09-20 19:00:00,146
83,Ненецкий автономный округ,2026-09-20 20:00:00,38
52,Нижегородская область,2026-09-18 08:00:00,57887
52,Нижегородская область,2026-09-18 09:00:00,73179
52,Нижегородская область,2026-09-18 10:00:00,51775
52,Нижегородская область,2026-09-18 11:00:00,36193
52,Нижегородская область,2026-09-18 12:00:00,27853
52,Нижегородская область,2026-09-18 13:00:00,23027
52,Нижегородская область,2026-09-18 14:00:00,19672
52,Нижегородская область,2026-09-18 15:00:00,16504
52,Нижегородская область,2026-09-18 16:00:00,15539
52,Нижегородская область,2026-09-18 17:00:00,23306
52,Нижегородская область,2026-09-18 18:00:00,15770
52,Нижегородская область,2026-09-18 19:00:00,13780
52,Нижегородская область,2026-09-18 20:00:00,11082
52,Нижегородская область,2026-09-18 21:00:00,9062
52,Нижегородская область,2026-09-18 22:00:00,5847
52,Нижегородская область,2026-09-18 23:00:00,3151
52,Нижегородская область,2026-09-19 00:00:00,1503
52,Нижегородская область,2026-09-19 01:00:00,762
52,Нижегородская область,2026-09-19 02:00:00,347
52,Нижегородская область,2026-09-19 03:00:00,226
52,Нижегородская область,2026-09-19 04:00:00,238
52,Нижегородская область,2026-09-19 05:00:00,357
52,Нижегородская область,2026-09-19 06:00:00,994
52,Нижегородская область,2026-09-19 07:00:00,2402
52,Нижегородская область,2026-09-19 08:00:00,5387
52,Нижегородская область,2026-09-19 09:00:00,7282
52,Нижегородская область,2026-09-19 10:00:00,7601
52,Нижегородская область,2026-09-19 11:00:00,9713
52,Нижегородская область,2026-09-19 12:00:00,10473
52,Нижегородская область,2026-09-19 13:00:00,6727
52,Нижегородская область,2026-09-19 14:00:00,5690
52,Нижегородская область,2026-09-19 15:00:00,4921
52,Нижегородская область,2026-09-19 16:00:00,4278
52,Нижегородская область,2026-09-19 17:00:00,4269
52,Нижегородская область,2026-09-19 18:00:00,4317
52,Нижегородская область,2026-09-19 19:00:00,4174
52,Нижегородская область,2026-09-19 20:00:00,4014
52,Нижегородская область,2026-09-19 21:00:00,3294
52,Нижегородская область,2026-09-19 22:00:00,2506
52,Нижегородская область,2026-09-19 23:00:00,1657
52,Нижегородская область,2026-09-20 00:00:00,936
52,Нижегородская область,2026-09-20 01:00:00,494
52,Нижегородская область,2026-09-20 02:00:00,273
52,Нижегородская область,2026-09-20 03:00:00,136
52,Нижегородская область,2026-09-20 04:00:00,186
52,Нижегородская область,2026-09-20 05:00:00,212
52,Нижегородская область,2026-09-20 06:00:00,639
52,Нижегородская область,2026-09-20 07:00:00,1651
52,Нижегородская область,2026-09-20 08:00:00,4266
52,Нижегородская область,2026-09-20 09:00:00,6348
52,Нижегородская область,2026-09-20 10:00:00,7247
52,Нижегородская область,2026-09-20 11:00:00,6968
52,Нижегородская область,2026-09-20 12:00:00,6431
52,Нижегородская область,2026-09-20 13:00:00,5954
52,Нижегородская область,2026-09-20 14:00:00,8615
52,Нижегородская область,2026-09-20 15:00:00,5746
52,Нижегородская область,2026-09-20 16:00:00,4939
52,Нижегородская область,2026-09-20 17:00:00,4630
52,Нижегородская область,2026-09-20 18:00:00,4681
52,Нижегородская область,2026-09-20 19:00:00,5408
52,Нижегородская область,2026-09-20 20:00:00,2444
53,Новгородская область,2026-09-18 08:00:00,27860
53,Новгородская область,2026-09-18 09:00:00,45816
53,Новгородская область,2026-09-18 10:00:00,26972
53,Новгородская область,2026-09-18 11:00:00,17372
53,Новгородская область,2026-09-18 12:00:00,11112
53,Новгородская область,2026-09-18 13:00:00,8212
53,Новгородская область,2026-09-18 14:00:00,6428
53,Новгородская область,2026-09-18 15:00:00,5116
53,Новгородская область,2026-09-18 16:00:00,4460
53,Новгородская область,2026-09-18 17:00:00,5008
53,Новгородская область,2026-09-18 18:00:00,3656
53,Новгородская область,2026-09-18 19:00:00,3232
53,Новгородская область,2026-09-18 20:00:00,2144
53,Новгородская область,2026-09-18 21:00:00,1840
53,Новгородская область,2026-09-18 22:00:00,1224
53,Новгородская область,2026-09-18 23:00:00,752
53,Новгородская область,2026-09-19 00:00:00,348
53,Новгородская область,2026-09-19 01:00:00,144
53,Новгородская область,2026-09-19 02:00:00,56
53,Новгородская область,2026-09-19 03:00:00,32
53,Новгородская область,2026-09-19 04:00:00,32
53,Новгородская область,2026-09-19 05:00:00,36
53,Новгородская область,2026-09-19 06:00:00,124
53,Новгородская область,2026-09-19 07:00:00,316
53,Новгородская область,2026-09-19 08:00:00,712
53,Новгородская область,2026-09-19 09:00:00,1216
53,Новгородская область,2026-09-19 10:00:00,1448
53,Новгородская область,2026-09-19 11:00:00,1724
53,Новгородская область,2026-09-19 12:00:00,1760
53,Новгородская область,2026-09-19 13:00:00,1236
53,Новгородская область,2026-09-19 14:00:00,1140
53,Новгородская область,2026-09-19 15:00:00,1012
53,Новгородская область,2026-09-19 16:00:00,812
53,Новгородская область,2026-09-19 17:00:00,640
53,Новгородская область,2026-09-19 18:00:00,800
53,Новгородская область,2026-09-19 19:00:00,616
53,Новгородская область,2026-09-19 20:00:00,600
53,Новгородская область,2026-09-19 21:00:00,532
53,Новгородская область,2026-09-19 22:00:00,500
53,Новгородская область,2026-09-19 23:00:00,300
53,Новгородская область,2026-09-20 00:00:00,192
53,Новгородская область,2026-09-20 01:00:00,96
53,Новгородская область,2026-09-20 02:00:00,80
53,Новгородская область,2026-09-20 03:00:00,52
53,Новгородская область,2026-09-20 04:00:00,20
53,Новгородская область,2026-09-20 05:00:00,20
53,Новгородская область,2026-09-20 06:00:00,56
53,Новгородская область,2026-09-20 07:00:00,236
53,Новгородская область,2026-09-20 08:00:00,516
53,Новгородская область,2026-09-20 09:00:00,820
53,Новгородская область,2026-09-20 10:00:00,888
53,Новгородская область,2026-09-20 11:00:00,1060
53,Новгородская область,2026-09-20 12:00:00,1076
53,Новгородская область,2026-09-20 13:00:00,1020
53,Новгородская область,2026-09-20 14:00:00,1328
53,Новгородская область,2026-09-20 15:00:00,776
53,Новгородская область,2026-09-20 16:00:00,756
53,Новгородская область,2026-09-20 17:00:00,620
53,Новгородская область,2026-09-20 18:00:00,708
53,Новгородская область,2026-09-20 19:00:00,644
53,Новгородская область,2026-09-20 20:00:00,296
54,Новосибирская область,2026-09-18 04:00:00,49109
54,Новосибирская область,2026-09-18 05:00:00,63288
54,Новосибирская область,2026-09-18 06:00:00,37964
54,Новосибирская область,2026-09-18 07:00:00,25469
54,Новосибирская область,2026-09-18 08:00:00,15700
54,Новосибирская область,2026-09-18 09:00:00,12804
54,Новосибирская область,2026-09-18 10:00:00,12829
54,Новосибирская область,2026-09-18 11:00:00,10620
54,Новосибирская область,2026-09-18 12:00:00,9038
54,Новосибирская область,2026-09-18 13:00:00,7896
54,Новосибирская область,2026-09-18 14:00:00,7001
54,Новосибирская область,2026-09-18 15:00:00,6844
54,Новосибирская область,2026-09-18 16:00:00,5644
54,Новосибирская область,2026-09-18 17:00:00,4805
54,Новосибирская область,2026-09-18 18:00:00,3751
54,Новосибирская область,2026-09-18 19:00:00,2325
54,Новосибирская область,2026-09-18 20:00:00,1357
54,Новосибирская область,2026-09-18 21:00:00,869
54,Новосибирская область,2026-09-18 22:00:00,443
54,Новосибирская область,2026-09-18 23:00:00,277
54,Новосибирская область,2026-09-19 00:00:00,180
54,Новосибирская область,2026-09-19 01:00:00,195
54,Новосибирская область,2026-09-19 02:00:00,311
54,Новосибирская область,2026-09-19 03:00:00,689
54,Новосибирская область,2026-09-19 04:00:00,1735
54,Новосибирская область,2026-09-19 05:00:00,3078
54,Новосибирская область,2026-09-19 06:00:00,3831
54,Новосибирская область,2026-09-19 07:00:00,4374
54,Новосибирская область,2026-09-19 08:00:00,4267
54,Новосибирская область,2026-09-19 09:00:00,3772
54,Новосибирская область,2026-09-19 10:00:00,7947
54,Новосибирская область,2026-09-19 11:00:00,4086
54,Новосибирская область,2026-09-19 12:00:00,3253
54,Новосибирская область,2026-09-19 13:00:00,2526
54,Новосибирская область,2026-09-19 14:00:00,2407
54,Новосибирская область,2026-09-19 15:00:00,1984
54,Новосибирская область,2026-09-19 16:00:00,1850
54,Новосибирская область,2026-09-19 17:00:00,1848
54,Новосибирская область,2026-09-19 18:00:00,1419
54,Новосибирская область,2026-09-19 19:00:00,1026
54,Новосибирская область,2026-09-19 20:00:00,741
54,Новосибирская область,2026-09-19 21:00:00,472
54,Новосибирская область,2026-09-19 22:00:00,242
54,Новосибирская область,2026-09-19 23:00:00,142
54,Новосибирская область,2026-09-20 00:00:00,114
54,Новосибирская область,2026-09-20 01:00:00,112
54,Новосибирская область,2026-09-20 02:00:00,195
54,Новосибирская область,2026-09-20 03:00:00,355
54,Новосибирская область,2026-09-20 04:00:00,984
54,Новосибирская область,2026-09-20 05:00:00,2000
54,Новосибирская область,2026-09-20 06:00:00,2543
54,Новосибирская область,2026-09-20 07:00:00,2707
54,Новосибирская область,2026-09-20 08:00:00,2946
54,Новосибирская область,2026-09-20 09:00:00,2700
54,Новосибирская область,2026-09-20 10:00:00,4509
54,Новосибирская область,2026-09-20 11:00:00,2685
54,Новосибирская область,2026-09-20 12:00:00,2310
54,Новосибирская область,2026-09-20 13:00:00,2216
54,Новосибирская область,2026-09-20 14:00:00,2110
54,Новосибирская область,2026-09-20 15:00:00,2041
54,Новосибирская область,2026-09-20 16:00:00,975
90,Пермский край,2026-09-18 06:00:00,89470
90,Пермский край,2026-09-18 07:00:00,106154
90,Пермский край,2026-09-18 08:00:00,51985
90,Пермский край,2026-09-18 09:00:00,34867
90,Пермский край,2026-09-18 10:00:00,31772
90,Пермский край,2026-09-18 11:00:00,27088
90,Пермский край,2026-09-18 12:00:00,21780
90,Пермский край,2026-09-18 13:00:00,18019
90,Пермский край,2026-09-18 14:00:00,15149
90,Пермский край,2026-09-18 15:00:00,14355
90,Пермский край,2026-09-18 16:00:00,13397
90,Пермский край,2026-09-18 17:00:00,12702
90,Пермский край,2026-09-18 18:00:00,10517
90,Пермский край,2026-09-18 19:00:00,9447
90,Пермский край,2026-09-18 20:00:00,7602
90,Пермский край,2026-09-18 21:00:00,5131
90,Пермский край,2026-09-18 22:00:00,3078
90,Пермский край,2026-09-18 23:00:00,1478
90,Пермский край,2026-09-19 00:00:00,710
90,Пермский край,2026-09-19 01:00:00,394
90,Пермский край,2026-09-19 02:00:00,302
90,Пермский край,2026-09-19 03:00:00,348
90,Пермский край,2026-09-19 04:00:00,692
90,Пермский край,2026-09-19 05:00:00,1657
90,Пермский край,2026-09-19 06:00:00,4228
90,Пермский край,2026-09-19 07:00:00,6826
90,Пермский край,2026-09-19 08:00:00,8332
90,Пермский край,2026-09-19 09:00:00,8358
90,Пермский край,2026-09-19 10:00:00,16989
90,Пермский край,2026-09-19 11:00:00,8760
90,Пермский край,2026-09-19 12:00:00,7229
90,Пермский край,2026-09-19 13:00:00,6115
90,Пермский край,2026-09-19 14:00:00,5129
90,Пермский край,2026-09-19 15:00:00,4611
90,Пермский край,2026-09-19 16:00:00,4171
90,Пермский край,2026-09-19 17:00:00,4183
90,Пермский край,2026-09-19 18:00:00,3957
90,Пермский край,2026-09-19 19:00:00,4029
90,Пермский край,2026-09-19 20:00:00,3303
90,Пермский край,2026-09-19 21:00:00,2398
90,Пермский край,2026-09-19 22:00:00,1609
90,Пермский край,2026-09-19 23:00:00,1017
90,Пермский край,2026-09-20 00:00:00,518
90,Пермский край,2026-09-20 01:00:00,323
90,Пермский край,2026-09-20 02:00:00,211
90,Пермский край,2026-09-20 03:00:00,162
90,Пермский край,2026-09-20 04:00:00,370
90,Пермский край,2026-09-20 05:00:00,1058
90,Пермский край,2026-09-20 06:00:00,3007
90,Пермский край,2026-09-20 07:00:00,5505
90,Пермский край,2026-09-20 08:00:00,7055
90,Пермский край,2026-09-20 09:00:00,8358
90,Пермский край,2026-09-20 10:00:00,13877
90,Пермский край,2026-09-20 11:00:00,8546
90,Пермский край,2026-09-20 12:00:00,6924
90,Пермский край,2026-09-20 13:00:00,6083
90,Пермский край,2026-09-20 14:00:00,5112
90,Пермский край,2026-09-20 15:00:00,5502
90,Пермский край,2026-09-20 16:00:00,5367
90,Пермский край,2026-09-20 17:00:00,5905
90,Пермский край,2026-09-20 18:00:00,2943
60,Псковская область,2026-09-18 08:00:00,22004
60,Псковская область,2026-09-18 09:00:00,33536
60,Псковская область,2026-09-18 10:00:00,24343
60,Псковская область,2026-09-18 11:00:00,15878
60,Псковская область,2026-09-18 12:00:00,11458
60,Псковская область,2026-09-18 13:00:00,9108
60,Псковская область,2026-09-18 14:00:00,7110
60,Псковская область,2026-09-18 15:00:00,6105
60,Псковская область,2026-09-18 16:00:00,5030
60,Псковская область,2026-09-18 17:00:00,6514
60,Псковская область,2026-09-18 18:00:00,4442
60,Псковская область,2026-09-18 19:00:00,3649
60,Псковская область,2026-09-18 20:00:00,2983
60,Псковская область,2026-09-18 21:00:00,2335
60,Псковская область,2026-09-18 22:00:00,1752
60,Псковская область,2026-09-18 23:00:00,947
60,Псковская область,2026-09-19 00:00:00,473
60,Псковская область,2026-09-19 01:00:00,185
60,Псковская область,2026-09-19 02:00:00,108
60,Псковская область,2026-09-19 03:00:00,88
60,Псковская область,2026-09-19 04:00:00,56
60,Псковская область,2026-09-19 05:00:00,44
60,Псковская область,2026-09-19 06:00:00,172
60,Псковская область,2026-09-19 07:00:00,480
60,Псковская область,2026-09-19 08:00:00,1307
60,Псковская область,2026-09-19 09:00:00,1718
60,Псковская область,2026-09-19 10:00:00,2247
60,Псковская область,2026-09-19 11:00:00,2588
60,Псковская область,2026-09-19 12:00:00,2610
60,Псковская область,2026-09-19 13:00:00,1722
60,Псковская область,2026-09-19 14:00:00,1486
60,Псковская область,2026-09-19 15:00:00,1380
60,Псковская область,2026-09-19 16:00:00,1171
60,Псковская область,2026-09-19 17:00:00,1218
60,Псковская область,2026-09-19 18:00:00,1103
60,Псковская область,2026-09-19 19:00:00,1115
60,Псковская область,2026-09-19 20:00:00,864
60,Псковская область,2026-09-19 21:00:00,851
60,Псковская область,2026-09-19 22:00:00,779
60,Псковская область,2026-09-19 23:00:00,369
60,Псковская область,2026-09-20 00:00:00,237
60,Псковская область,2026-09-20 01:00:00,148
60,Псковская область,2026-09-20 02:00:00,80
60,Псковская область,2026-09-20 03:00:00,40
60,Псковская область,2026-09-20 04:00:00,40
60,Псковская область,2026-09-20 05:00:00,28
60,Псковская область,2026-09-20 06:00:00,96
60,Псковская область,2026-09-20 07:00:00,256
60,Псковская область,2026-09-20 08:00:00,754
60,Псковская область,2026-09-20 09:00:00,1346
60,Псковская область,2026-09-20 10:00:00,1667
60,Псковская область,2026-09-20 11:00:00,1841
60,Псковская область,2026-09-20 12:00:00,1698
60,Псковская область,2026-09-20 13:00:00,1541
60,Псковская область,2026-09-20 14:00:00,1969
60,Псковская область,2026-09-20 15:00:00,1420
60,Псковская область,2026-09-20 16:00:00,1273
60,Псковская область,2026-09-20 17:00:00,1048
60,Псковская область,2026-09-20 18:00:00,1052
60,Псковская область,2026-09-20 19:00:00,1076
60,Псковская область,2026-09-20 20:00:00,412
2,Республика Алтай,2026-09-18 04:00:00,7909
2,Республика Алтай,2026-09-18 05:00:00,11629
2,Республика Алтай,2026-09-18 06:00:00,6633
2,Республика Алтай,2026-09-18 07:00:00,4412
2,Республика Алтай,2026-09-18 08:00:00,2671
2,Республика Алтай,2026-09-18 09:00:00,1768
2,Республика Алтай,2026-09-18 10:00:00,1747
2,Республика Алтай,2026-09-18 11:00:00,1411
2,Республика Алтай,2026-09-18 12:00:00,1285
2,Республика Алтай,2026-09-18 13:00:00,1112
2,Республика Алтай,2026-09-18 14:00:00,924
2,Республика Алтай,2026-09-18 15:00:00,763
2,Республика Алтай,2026-09-18 16:00:00,670
2,Республика Алтай,2026-09-18 17:00:00,658
2,Республика Алтай,2026-09-18 18:00:00,397
2,Республика Алтай,2026-09-18 19:00:00,228
2,Республика Алтай,2026-09-18 20:00:00,96
2,Республика Алтай,2026-09-18 21:00:00,68
2,Республика Алтай,2026-09-18 22:00:00,30
2,Республика Алтай,2026-09-18 23:00:00,14
2,Республика Алтай,2026-09-19 00:00:00,10
2,Республика Алтай,2026-09-19 01:00:00,18
2,Республика Алтай,2026-09-19 02:00:00,35
2,Республика Алтай,2026-09-19 03:00:00,93
2,Республика Алтай,2026-09-19 04:00:00,264
2,Республика Алтай,2026-09-19 05:00:00,588
2,Республика Алтай,2026-09-19 06:00:00,664
2,Республика Алтай,2026-09-19 07:00:00,728
2,Республика Алтай,2026-09-19 08:00:00,623
2,Республика Алтай,2026-09-19 09:00:00,572
2,Республика Алтай,2026-09-19 10:00:00,922
2,Республика Алтай,2026-09-19 11:00:00,445
2,Республика Алтай,2026-09-19 12:00:00,382
2,Республика Алтай,2026-09-19 13:00:00,354
2,Республика Алтай,2026-09-19 14:00:00,349
2,Республика Алтай,2026-09-19 15:00:00,358
2,Республика Алтай,2026-09-19 16:00:00,257
2,Республика Алтай,2026-09-19 17:00:00,316
2,Республика Алтай,2026-09-19 18:00:00,177
2,Республика Алтай,2026-09-19 19:00:00,145
2,Республика Алтай,2026-09-19 20:00:00,64
2,Республика Алтай,2026-09-19 21:00:00,36
2,Республика Алтай,2026-09-19 22:00:00,22
2,Республика Алтай,2026-09-19 23:00:00,8
2,Республика Алтай,2026-09-20 00:00:00,20
2,Республика Алтай,2026-09-20 01:00:00,6
2,Республика Алтай,2026-09-20 02:00:00,18
2,Республика Алтай,2026-09-20 03:00:00,56
2,Республика Алтай,2026-09-20 04:00:00,130
2,Республика Алтай,2026-09-20 05:00:00,260
2,Республика Алтай,2026-09-20 06:00:00,444
2,Республика Алтай,2026-09-20 07:00:00,522
2,Республика Алтай,2026-09-20 08:00:00,593
2,Республика Алтай,2026-09-20 09:00:00,551
2,Республика Алтай,2026-09-20 10:00:00,576
2,Республика Алтай,2026-09-20 11:00:00,375
2,Республика Алтай,2026-09-20 12:00:00,337
2,Республика Алтай,2026-09-20 13:00:00,287
2,Республика Алтай,2026-09-20 14:00:00,282
2,Республика Алтай,2026-09-20 15:00:00,291
2,Республика Алтай,2026-09-20 16:00:00,161
10,Республика Карелия,2026-09-18 08:00:00,16289
10,Республика Карелия,2026-09-18 09:00:00,23303
10,Республика Карелия,2026-09-18 10:00:00,16956
10,Республика Карелия,2026-09-18 11:00:00,11390
10,Республика Карелия,2026-09-18 12:00:00,8012
10,Республика Карелия,2026-09-18 13:00:00,6792
10,Республика Карелия,2026-09-18 14:00:00,5321
10,Республика Карелия,2026-09-18 15:00:00,4169
10,Республика Карелия,2026-09-18 16:00:00,4147
10,Республика Карелия,2026-09-18 17:00:00,5914
10,Республика Карелия,2026-09-18 18:00:00,3932
10,Республика Карелия,2026-09-18 19:00:00,3355
10,Республика Карелия,2026-09-18 20:00:00,2520
10,Республика Карелия,2026-09-18 21:00:00,2147
10,Республика Карелия,2026-09-18 22:00:00,1733
10,Республика Карелия,2026-09-18 23:00:00,1006
10,Республика Карелия,2026-09-19 00:00:00,550
10,Республика Карелия,2026-09-19 01:00:00,148
10,Республика Карелия,2026-09-19 02:00:00,127
10,Республика Карелия,2026-09-19 03:00:00,77
10,Республика Карелия,2026-09-19 04:00:00,86
10,Республика Карелия,2026-09-19 05:00:00,122
10,Республика Карелия,2026-09-19 06:00:00,131
10,Республика Карелия,2026-09-19 07:00:00,401
10,Республика Карелия,2026-09-19 08:00:00,1119
10,Республика Карелия,2026-09-19 09:00:00,1607
10,Республика Карелия,2026-09-19 10:00:00,1888
10,Республика Карелия,2026-09-19 11:00:00,2696
10,Республика Карелия,2026-09-19 12:00:00,2643
10,Республика Карелия,2026-09-19 13:00:00,1950
10,Республика Карелия,2026-09-19 14:00:00,1620
10,Республика Карелия,2026-09-19 15:00:00,1422
10,Республика Карелия,2026-09-19 16:00:00,1257
10,Республика Карелия,2026-09-19 17:00:00,1365
10,Республика Карелия,2026-09-19 18:00:00,1027
10,Республика Карелия,2026-09-19 19:00:00,1055
10,Республика Карелия,2026-09-19 20:00:00,853
10,Республика Карелия,2026-09-19 21:00:00,750
10,Республика Карелия,2026-09-19 22:00:00,697
10,Республика Карелия,2026-09-19 23:00:00,561
10,Республика Карелия,2026-09-20 00:00:00,304
10,Республика Карелия,2026-09-20 01:00:00,183
10,Республика Карелия,2026-09-20 02:00:00,53
10,Республика Карелия,2026-09-20 03:00:00,66
10,Республика Карелия,2026-09-20 04:00:00,32
10,Республика Карелия,2026-09-20 05:00:00,46
10,Республика Карелия,2026-09-20 06:00:00,84
10,Республика Карелия,2026-09-20 07:00:00,288
10,Республика Карелия,2026-09-20 08:00:00,795
10,Республика Карелия,2026-09-20 09:00:00,1331
10,Республика Карелия,2026-09-20 10:00:00,1718
10,Республика Карелия,2026-09-20 11:00:00,1923
10,Республика Карелия,2026-09-20 12:00:00,1865
10,Республика Карелия,2026-09-20 13:00:00,1697
10,Республика Карелия,2026-09-20 14:00:00,2376
10,Республика Карелия,2026-09-20 15:00:00,1536
10,Республика Карелия,2026-09-20 16:00:00,1283
10,Республика Карелия,2026-09-20 17:00:00,1284
10,Республика Карелия,2026-09-20 18:00:00,1128
10,Республика Карелия,2026-09-20 19:00:00,1399
10,Республика Карелия,2026-09-20 20:00:00,595
11,Республика Коми,2026-09-18 08:00:00,21571
11,Республика Коми,2026-09-18 09:00:00,30488
11,Республика Коми,2026-09-18 10:00:00,18140
11,Республика Коми,2026-09-18 11:00:00,11092
11,Республика Коми,2026-09-18 12:00:00,7416
11,Республика Коми,2026-09-18 13:00:00,5850
11,Республика Коми,2026-09-18 14:00:00,4511
11,Республика Коми,2026-09-18 15:00:00,3884
11,Республика Коми,2026-09-18 16:00:00,3218
11,Республика Коми,2026-09-18 17:00:00,3895
11,Республика Коми,2026-09-18 18:00:00,2784
11,Республика Коми,2026-09-18 19:00:00,2305
11,Республика Коми,2026-09-18 20:00:00,1775
11,Республика Коми,2026-09-18 21:00:00,1268
11,Республика Коми,2026-09-18 22:00:00,899
11,Республика Коми,2026-09-18 23:00:00,442
11,Республика Коми,2026-09-19 00:00:00,226
11,Республика Коми,2026-09-19 01:00:00,164
11,Республика Коми,2026-09-19 02:00:00,47
11,Республика Коми,2026-09-19 03:00:00,45
11,Республика Коми,2026-09-19 04:00:00,37
11,Республика Коми,2026-09-19 05:00:00,72
11,Республика Коми,2026-09-19 06:00:00,142
11,Республика Коми,2026-09-19 07:00:00,373
11,Республика Коми,2026-09-19 08:00:00,772
11,Республика Коми,2026-09-19 09:00:00,1098
11,Республика Коми,2026-09-19 10:00:00,1291
11,Республика Коми,2026-09-19 11:00:00,1424
11,Республика Коми,2026-09-19 12:00:00,1580
11,Республика Коми,2026-09-19 13:00:00,1133
11,Республика Коми,2026-09-19 14:00:00,901
11,Республика Коми,2026-09-19 15:00:00,816
11,Республика Коми,2026-09-19 16:00:00,712
11,Республика Коми,2026-09-19 17:00:00,706
11,Республика Коми,2026-09-19 18:00:00,703
11,Республика Коми,2026-09-19 19:00:00,740
11,Республика Коми,2026-09-19 20:00:00,514
11,Республика Коми,2026-09-19 21:00:00,406
11,Республика Коми,2026-09-19 22:00:00,321
11,Республика Коми,2026-09-19 23:00:00,263
11,Республика Коми,2026-09-20 00:00:00,184
11,Республика Коми,2026-09-20 01:00:00,99
11,Республика Коми,2026-09-20 02:00:00,60
11,Республика Коми,2026-09-20 03:00:00,22
11,Республика Коми,2026-09-20 04:00:00,15
11,Республика Коми,2026-09-20 05:00:00,46
11,Республика Коми,2026-09-20 06:00:00,111
11,Республика Коми,2026-09-20 07:00:00,250
11,Республика Коми,2026-09-20 08:00:00,599
11,Республика Коми,2026-09-20 09:00:00,972
11,Республика Коми,2026-09-20 10:00:00,1036
11,Республика Коми,2026-09-20 11:00:00,1049
11,Республика Коми,2026-09-20 12:00:00,1096
11,Республика Коми,2026-09-20 13:00:00,956
11,Республика Коми,2026-09-20 14:00:00,1466
11,Республика Коми,2026-09-20 15:00:00,909
11,Республика Коми,2026-09-20 16:00:00,867
11,Республика Коми,2026-09-20 17:00:00,827
11,Республика Коми,2026-09-20 18:00:00,845
11,Республика Коми,2026-09-20 19:00:00,819
11,Республика Коми,2026-09-20 20:00:00,354
93,Республика Крым,2026-09-18 08:00:00,17231
93,Республика Крым,2026-09-18 09:00:00,23409
93,Республика Крым,2026-09-18 10:00:00,16514
93,Республика Крым,2026-09-18 11:00:00,11089
93,Республика Крым,2026-09-18 12:00:00,7578
93,Республика Крым,2026-09-18 13:00:00,6026
93,Республика Крым,2026-09-18 14:00:00,4921
93,Республика Крым,2026-09-18 15:00:00,4385
93,Республика Крым,2026-09-18 16:00:00,4323
93,Республика Крым,2026-09-18 17:00:00,6354
93,Республика Крым,2026-09-18 18:00:00,4125
93,Республика Крым,2026-09-18 19:00:00,3499
93,Республика Крым,2026-09-18 20:00:00,2703
93,Республика Крым,2026-09-18 21:00:00,1926
93,Республика Крым,2026-09-18 22:00:00,1387
93,Республика Крым,2026-09-18 23:00:00,696
93,Республика Крым,2026-09-19 00:00:00,359
93,Республика Крым,2026-09-19 01:00:00,199
93,Республика Крым,2026-09-19 02:00:00,103
93,Республика Крым,2026-09-19 03:00:00,50
93,Республика Крым,2026-09-19 04:00:00,43
93,Республика Крым,2026-09-19 05:00:00,83
93,Республика Крым,2026-09-19 06:00:00,275
93,Республика Крым,2026-09-19 07:00:00,605
93,Республика Крым,2026-09-19 08:00:00,1247
93,Республика Крым,2026-09-19 09:00:00,1776
93,Республика Крым,2026-09-19 10:00:00,1995
93,Республика Крым,2026-09-19 11:00:00,2354
93,Республика Крым,2026-09-19 12:00:00,2525
93,Республика Крым,2026-09-19 13:00:00,1677
93,Республика Крым,2026-09-19 14:00:00,1255
93,Республика Крым,2026-09-19 15:00:00,1232
93,Республика Крым,2026-09-19 16:00:00,1166
93,Республика Крым,2026-09-19 17:00:00,1051
93,Республика Крым,2026-09-19 18:00:00,958
93,Республика Крым,2026-09-19 19:00:00,928
93,Республика Крым,2026-09-19 20:00:00,814
93,Республика Крым,2026-09-19 21:00:00,770
93,Республика Крым,2026-09-19 22:00:00,676
93,Республика Крым,2026-09-19 23:00:00,386
93,Республика Крым,2026-09-20 00:00:00,249
93,Республика Крым,2026-09-20 01:00:00,112
93,Республика Крым,2026-09-20 02:00:00,70
93,Республика Крым,2026-09-20 03:00:00,34
93,Республика Крым,2026-09-20 04:00:00,44
93,Республика Крым,2026-09-20 05:00:00,44
93,Республика Крым,2026-09-20 06:00:00,114
93,Республика Крым,2026-09-20 07:00:00,314
93,Республика Крым,2026-09-20 08:00:00,829
93,Республика Крым,2026-09-20 09:00:00,1365
93,Республика Крым,2026-09-20 10:00:00,1658
93,Республика Крым,2026-09-20 11:00:00,1515
93,Республика Крым,2026-09-20 12:00:00,1380
93,Республика Крым,2026-09-20 13:00:00,1184
93,Республика Крым,2026-09-20 14:00:00,2019
93,Республика Крым,2026-09-20 15:00:00,1219
93,Республика Крым,2026-09-20 16:00:00,990
93,Республика Крым,2026-09-20 17:00:00,917
93,Республика Крым,2026-09-20 18:00:00,986
93,Республика Крым,2026-09-20 19:00:00,1019
93,Республика Крым,2026-09-20 20:00:00,407
12,Республика Марий Эл,2026-09-18 08:00:00,25368
12,Республика Марий Эл,2026-09-18 09:00:00,37821
12,Республика Марий Эл,2026-09-18 10:00:00,21858
12,Республика Марий Эл,2026-09-18 11:00:00,12348
12,Республика Марий Эл,2026-09-18 12:00:00,7975
12,Республика Марий Эл,2026-09-18 13:00:00,5921
12,Республика Марий Эл,2026-09-18 14:00:00,4566
12,Республика Марий Эл,2026-09-18 15:00:00,3312
12,Республика Марий Эл,2026-09-18 16:00:00,2917
12,Республика Марий Эл,2026-09-18 17:00:00,3635
12,Республика Марий Эл,2026-09-18 18:00:00,2653
12,Республика Марий Эл,2026-09-18 19:00:00,2387
12,Республика Марий Эл,2026-09-18 20:00:00,1694
12,Республика Марий Эл,2026-09-18 21:00:00,1415
12,Республика Марий Эл,2026-09-18 22:00:00,809
12,Республика Марий Эл,2026-09-18 23:00:00,318
12,Республика Марий Эл,2026-09-19 00:00:00,180
12,Республика Марий Эл,2026-09-19 01:00:00,52
12,Республика Марий Эл,2026-09-19 02:00:00,33
12,Республика Марий Эл,2026-09-19 03:00:00,22
12,Республика Марий Эл,2026-09-19 04:00:00,21
12,Республика Марий Эл,2026-09-19 05:00:00,46
12,Республика Марий Эл,2026-09-19 06:00:00,159
12,Республика Марий Эл,2026-09-19 07:00:00,404
12,Республика Марий Эл,2026-09-19 08:00:00,814
12,Республика Марий Эл,2026-09-19 09:00:00,1195
12,Республика Марий Эл,2026-09-19 10:00:00,1257
12,Республика Марий Эл,2026-09-19 11:00:00,1318
12,Республика Марий Эл,2026-09-19 12:00:00,1199
12,Республика Марий Эл,2026-09-19 13:00:00,902
12,Республика Марий Эл,2026-09-19 14:00:00,765
12,Республика Марий Эл,2026-09-19 15:00:00,546
12,Республика Марий Эл,2026-09-19 16:00:00,657
12,Республика Марий Эл,2026-09-19 17:00:00,620
12,Республика Марий Эл,2026-09-19 18:00:00,601
12,Республика Марий Эл,2026-09-19 19:00:00,598
12,Республика Марий Эл,2026-09-19 20:00:00,529
12,Республика Марий Эл,2026-09-19 21:00:00,477
12,Республика Марий Эл,2026-09-19 22:00:00,319
12,Республика Марий Эл,2026-09-19 23:00:00,165
12,Республика Марий Эл,2026-09-20 00:00:00,81
12,Республика Марий Эл,2026-09-20 01:00:00,32
12,Республика Марий Эл,2026-09-20 02:00:00,17
12,Республика Марий Эл,2026-09-20 03:00:00,24
12,Республика Марий Эл,2026-09-20 04:00:00,17
12,Республика Марий Эл,2026-09-20 05:00:00,23
12,Республика Марий Эл,2026-09-20 06:00:00,100
12,Республика Марий Эл,2026-09-20 07:00:00,240
12,Республика Марий Эл,2026-09-20 08:00:00,457
12,Республика Марий Эл,2026-09-20 09:00:00,705
12,Республика Марий Эл,2026-09-20 10:00:00,773
12,Республика Марий Эл,2026-09-20 11:00:00,682
12,Республика Марий Эл,2026-09-20 12:00:00,765
12,Республика Марий Эл,2026-09-20 13:00:00,709
12,Республика Марий Эл,2026-09-20 14:00:00,946
12,Республика Марий Эл,2026-09-20 15:00:00,577
12,Республика Марий Эл,2026-09-20 16:00:00,487
12,Республика Марий Эл,2026-09-20 17:00:00,504
12,Республика Марий Эл,2026-09-20 18:00:00,541
12,Республика Марий Эл,2026-09-20 19:00:00,592
12,Республика Марий Эл,2026-09-20 20:00:00,284
61,Ростовская область,2026-09-18 08:00:00,62632
61,Ростовская область,2026-09-18 09:00:00,94706
61,Ростовская область,2026-09-18 10:00:00,68562
61,Ростовская область,2026-09-18 11:00:00,43621
61,Ростовская область,2026-09-18 12:00:00,30252
61,Ростовская область,2026-09-18 13:00:00,24468
61,Ростовская область,2026-09-18 14:00:00,19898
61,Ростовская область,2026-09-18 15:00:00,16316
61,Ростовская область,2026-09-18 16:00:00,14626
61,Ростовская область,2026-09-18 17:00:00,19509
61,Ростовская область,2026-09-18 18:00:00,13588
61,Ростовская область,2026-09-18 19:00:00,11667
61,Ростовская область,2026-09-18 20:00:00,9419
61,Ростовская область,2026-09-18 21:00:00,6845
61,Ростовская область,2026-09-18 22:00:00,4846
61,Ростовская область,2026-09-18 23:00:00,2779
61,Ростовская область,2026-09-19 00:00:00,1434
61,Ростовская область,2026-09-19 01:00:00,571
61,Ростовская область,2026-09-19 02:00:00,330
61,Ростовская область,2026-09-19 03:00:00,180
61,Ростовская область,2026-09-19 04:00:00,160
61,Ростовская область,2026-09-19 05:00:00,278
61,Ростовская область,2026-09-19 06:00:00,721
61,Ростовская область,2026-09-19 07:00:00,1940
61,Ростовская область,2026-09-19 08:00:00,4069
61,Ростовская область,2026-09-19 09:00:00,5980
61,Ростовская область,2026-09-19 10:00:00,7037
61,Ростовская область,2026-09-19 11:00:00,8837
61,Ростовская область,2026-09-19 12:00:00,9031
61,Ростовская область,2026-09-19 13:00:00,6824
61,Ростовская область,2026-09-19 14:00:00,5265
61,Ростовская область,2026-09-19 15:00:00,4402
61,Ростовская область,2026-09-19 16:00:00,3862
61,Ростовская область,2026-09-19 17:00:00,3548
61,Ростовская область,2026-09-19 18:00:00,3246
61,Ростовская область,2026-09-19 19:00:00,2850
61,Ростовская область,2026-09-19 20:00:00,2606
61,Ростовская область,2026-09-19 21:00:00,2061
61,Ростовская область,2026-09-19 22:00:00,1799
61,Ростовская область,2026-09-19 23:00:00,1166
61,Ростовская область,2026-09-20 00:00:00,683
61,Ростовская область,2026-09-20 01:00:00,405
61,Ростовская область,2026-09-20 02:00:00,164
61,Ростовская область,2026-09-20 03:00:00,108
61,Ростовская область,2026-09-20 04:00:00,75
61,Ростовская область,2026-09-20 05:00:00,101
61,Ростовская область,2026-09-20 06:00:00,362
61,Ростовская область,2026-09-20 07:00:00,1061
61,Ростовская область,2026-09-20 08:00:00,2371
61,Ростовская область,2026-09-20 09:00:00,4286
61,Ростовская область,2026-09-20 10:00:00,4895
61,Ростовская область,2026-09-20 11:00:00,4963
61,Ростовская область,2026-09-20 12:00:00,4704
61,Ростовская область,2026-09-20 13:00:00,4408
61,Ростовская область,2026-09-20 14:00:00,6647
61,Ростовская область,2026-09-20 15:00:00,4069
61,Ростовская область,2026-09-20 16:00:00,3476
61,Ростовская область,2026-09-20 17:00:00,3008
61,Ростовская область,2026-09-20 18:00:00,3030
61,Ростовская область,2026-09-20 19:00:00,3126
61,Ростовская область,2026-09-20 20:00:00,1458
66,Свердловская область,2026-09-18 06:00:00,213985
66,Свердловская область,2026-09-18 07:00:00,254167
66,Свердловская область,2026-09-18 08:00:00,119189
66,Свердловская область,2026-09-18 09:00:00,77605
66,Свердловская область,2026-09-18 10:00:00,65800
66,Свердловская область,2026-09-18 11:00:00,54333
66,Свердловская область,2026-09-18 12:00:00,42049
66,Свердловская область,2026-09-18 13:00:00,33510
66,Свердловская область,2026-09-18 14:00:00,27831
66,Свердловская область,2026-09-18 15:00:00,24836
66,Свердловская область,2026-09-18 16:00:00,23676
66,Свердловская область,2026-09-18 17:00:00,21611
66,Свердловская область,2026-09-18 18:00:00,18179
66,Свердловская область,2026-09-18 19:00:00,16629
66,Свердловская область,2026-09-18 20:00:00,11942
66,Свердловская область,2026-09-18 21:00:00,7210
66,Свердловская область,2026-09-18 22:00:00,3864
66,Свердловская область,2026-09-18 23:00:00,1942
66,Свердловская область,2026-09-19 00:00:00,815
66,Свердловская область,2026-09-19 01:00:00,496
66,Свердловская область,2026-09-19 02:00:00,418
66,Свердловская область,2026-09-19 03:00:00,517
66,Свердловская область,2026-09-19 04:00:00,988
66,Свердловская область,2026-09-19 05:00:00,2829
66,Свердловская область,2026-09-19 06:00:00,6827
66,Свердловская область,2026-09-19 07:00:00,10487
66,Свердловская область,2026-09-19 08:00:00,12212
66,Свердловская область,2026-09-19 09:00:00,11956
66,Свердловская область,2026-09-19 10:00:00,23972
66,Свердловская область,2026-09-19 11:00:00,12476
66,Свердловская область,2026-09-19 12:00:00,9726
66,Свердловская область,2026-09-19 13:00:00,8359
66,Свердловская область,2026-09-19 14:00:00,7037
66,Свердловская область,2026-09-19 15:00:00,6608
66,Свердловская область,2026-09-19 16:00:00,6232
66,Свердловская область,2026-09-19 17:00:00,5651
66,Свердловская область,2026-09-19 18:00:00,5583
66,Свердловская область,2026-09-19 19:00:00,5321
66,Свердловская область,2026-09-19 20:00:00,4295
66,Свердловская область,2026-09-19 21:00:00,2918
66,Свердловская область,2026-09-19 22:00:00,1934
66,Свердловская область,2026-09-19 23:00:00,1008
66,Свердловская область,2026-09-20 00:00:00,561
66,Свердловская область,2026-09-20 01:00:00,352
66,Свердловская область,2026-09-20 02:00:00,330
66,Свердловская область,2026-09-20 03:00:00,313
66,Свердловская область,2026-09-20 04:00:00,596
66,Свердловская область,2026-09-20 05:00:00,1427
66,Свердловская область,2026-09-20 06:00:00,3742
66,Свердловская область,2026-09-20 07:00:00,6747
66,Свердловская область,2026-09-20 08:00:00,8973
66,Свердловская область,2026-09-20 09:00:00,9151
66,Свердловская область,2026-09-20 10:00:00,14529
66,Свердловская область,2026-09-20 11:00:00,9114
66,Свердловская область,2026-09-20 12:00:00,7475
66,Свердловская область,2026-09-20 13:00:00,7079
66,Свердловская область,2026-09-20 14:00:00,6462
66,Свердловская область,2026-09-20 15:00:00,6203
66,Свердловская область,2026-09-20 16:00:00,6060
66,Свердловская область,2026-09-20 17:00:00,6153
66,Свердловская область,2026-09-20 18:00:00,2915
67,Смоленская область,2026-09-18 08:00:00,33406
67,Смоленская область,2026-09-18 09:00:00,47986
67,Смоленская область,2026-09-18 10:00:00,30106
67,Смоленская область,2026-09-18 11:00:00,17328
67,Смоленская область,2026-09-18 12:00:00,11086
67,Смоленская область,2026-09-18 13:00:00,8310
67,Смоленская область,2026-09-18 14:00:00,6036
67,Смоленская область,2026-09-18 15:00:00,4750
67,Смоленская область,2026-09-18 16:00:00,4238
67,Смоленская область,2026-09-18 17:00:00,4638
67,Смоленская область,2026-09-18 18:00:00,3394
67,Смоленская область,2026-09-18 19:00:00,2944
67,Смоленская область,2026-09-18 20:00:00,2196
67,Смоленская область,2026-09-18 21:00:00,1838
67,Смоленская область,2026-09-18 22:00:00,1236
67,Смоленская область,2026-09-18 23:00:00,564
67,Смоленская область,2026-09-19 00:00:00,282
67,Смоленская область,2026-09-19 01:00:00,124
67,Смоленская область,2026-09-19 02:00:00,54
67,Смоленская область,2026-09-19 03:00:00,56
67,Смоленская область,2026-09-19 04:00:00,22
67,Смоленская область,2026-09-19 05:00:00,40
67,Смоленская область,2026-09-19 06:00:00,118
67,Смоленская область,2026-09-19 07:00:00,328
67,Смоленская область,2026-09-19 08:00:00,826
67,Смоленская область,2026-09-19 09:00:00,1222
67,Смоленская область,2026-09-19 10:00:00,1302
67,Смоленская область,2026-09-19 11:00:00,1522
67,Смоленская область,2026-09-19 12:00:00,1534
67,Смоленская область,2026-09-19 13:00:00,1064
67,Смоленская область,2026-09-19 14:00:00,886
67,Смоленская область,2026-09-19 15:00:00,774
67,Смоленская область,2026-09-19 16:00:00,760
67,Смоленская область,2026-09-19 17:00:00,682
67,Смоленская область,2026-09-19 18:00:00,642
67,Смоленская область,2026-09-19 19:00:00,506
67,Смоленская область,2026-09-19 20:00:00,450
67,Смоленская область,2026-09-19 21:00:00,368
67,Смоленская область,2026-09-19 22:00:00,312
67,Смоленская область,2026-09-19 23:00:00,220
67,Смоленская область,2026-09-20 00:00:00,118
67,Смоленская область,2026-09-20 01:00:00,66
67,Смоленская область,2026-09-20 02:00:00,38
67,Смоленская область,2026-09-20 03:00:00,26
67,Смоленская область,2026-09-20 04:00:00,20
67,Смоленская область,2026-09-20 05:00:00,26
67,Смоленская область,2026-09-20 06:00:00,54
67,Смоленская область,2026-09-20 07:00:00,130
67,Смоленская область,2026-09-20 08:00:00,326
67,Смоленская область,2026-09-20 09:00:00,704
67,Смоленская область,2026-09-20 10:00:00,774
67,Смоленская область,2026-09-20 11:00:00,826
67,Смоленская область,2026-09-20 12:00:00,812
67,Смоленская область,2026-09-20 13:00:00,740
67,Смоленская область,2026-09-20 14:00:00,1478
67,Смоленская область,2026-09-20 15:00:00,872
67,Смоленская область,2026-09-20 16:00:00,652
67,Смоленская область,2026-09-20 17:00:00,582
67,Смоленская область,2026-09-20 18:00:00,528
67,Смоленская область,2026-09-20 19:00:00,942
67,Смоленская область,2026-09-20 20:00:00,270
70,Томская область,2026-09-18 04:00:00,51640
70,Томская область,2026-09-18 05:00:00,68312
70,Томская область,2026-09-18 06:00:00,38118
70,Томская область,2026-09-18 07:00:00,23982
70,Томская область,2026-09-18 08:00:00,14953
70,Томская область,2026-09-18 09:00:00,13086
70,Томская область,2026-09-18 10:00:00,12891
70,Томская область,2026-09-18 11:00:00,9891
70,Томская область,2026-09-18 12:00:00,8164
70,Томская область,2026-09-18 13:00:00,7189
70,Томская область,2026-09-18 14:00:00,6195
70,Томская область,2026-09-18 15:00:00,5774
70,Томская область,2026-09-18 16:00:00,4863
70,Томская область,2026-09-18 17:00:00,4289
70,Томская область,2026-09-18 18:00:00,3374
70,Томская область,2026-09-18 19:00:00,2023
70,Томская область,2026-09-18 20:00:00,1085
70,Томская область,2026-09-18 21:00:00,572
70,Томская область,2026-09-18 22:00:00,355
70,Томская область,2026-09-18 23:00:00,200
70,Томская область,2026-09-19 00:00:00,201
70,Томская область,2026-09-19 01:00:00,180
70,Томская область,2026-09-19 02:00:00,273
70,Томская область,2026-09-19 03:00:00,592
70,Томская область,2026-09-19 04:00:00,1544
70,Томская область,2026-09-19 05:00:00,2591
70,Томская область,2026-09-19 06:00:00,3857
70,Томская область,2026-09-19 07:00:00,4114
70,Томская область,2026-09-19 08:00:00,4007
70,Томская область,2026-09-19 09:00:00,3578
70,Томская область,2026-09-19 10:00:00,6746
70,Томская область,2026-09-19 11:00:00,3477
70,Томская область,2026-09-19 12:00:00,3061
70,Томская область,2026-09-19 13:00:00,2666
70,Томская область,2026-09-19 14:00:00,2265
70,Томская область,2026-09-19 15:00:00,2017
70,Томская область,2026-09-19 16:00:00,1541
70,Томская область,2026-09-19 17:00:00,1549
70,Томская область,2026-09-19 18:00:00,1387
70,Томская область,2026-09-19 19:00:00,933
70,Томская область,2026-09-19 20:00:00,593
70,Томская область,2026-09-19 21:00:00,355
70,Томская область,2026-09-19 22:00:00,213
70,Томская область,2026-09-19 23:00:00,176
70,Томская область,2026-09-20 00:00:00,128
70,Томская область,2026-09-20 01:00:00,132
70,Томская область,2026-09-20 02:00:00,80
70,Томская область,2026-09-20 03:00:00,311
70,Томская область,2026-09-20 04:00:00,892
70,Томская область,2026-09-20 05:00:00,1594
70,Томская область,2026-09-20 06:00:00,2431
70,Томская область,2026-09-20 07:00:00,2442
70,Томская область,2026-09-20 08:00:00,2802
70,Томская область,2026-09-20 09:00:00,2491
70,Томская область,2026-09-20 10:00:00,3952
70,Томская область,2026-09-20 11:00:00,2427
70,Томская область,2026-09-20 12:00:00,1856
70,Томская область,2026-09-20 13:00:00,1782
70,Томская область,2026-09-20 14:00:00,1768
70,Томская область,2026-09-20 15:00:00,1766
70,Томская область,2026-09-20 16:00:00,850
18,Удмуртская Республика,2026-09-18 07:00:00,47547
18,Удмуртская Республика,2026-09-18 08:00:00,53674
18,Удмуртская Республика,2026-09-18 09:00:00,32430
18,Удмуртская Республика,2026-09-18 10:00:00,25340
18,Удмуртская Республика,2026-09-18 11:00:00,18566
18,Удмуртская Республика,2026-09-18 12:00:00,15453
18,Удмуртская Республика,2026-09-18 13:00:00,13090
18,Удмуртская Республика,2026-09-18 14:00:00,10237
18,Удмуртская Республика,2026-09-18 15:00:00,8446
18,Удмуртская Республика,2026-09-18 16:00:00,7085
18,Удмуртская Республика,2026-09-18 17:00:00,6686
18,Удмуртская Республика,2026-09-18 18:00:00,6077
18,Удмуртская Республика,2026-09-18 19:00:00,5250
18,Удмуртская Республика,2026-09-18 20:00:00,4654
18,Удмуртская Республика,2026-09-18 21:00:00,3305
18,Удмуртская Республика,2026-09-18 22:00:00,1623
18,Удмуртская Республика,2026-09-18 23:00:00,709
18,Удмуртская Республика,2026-09-19 00:00:00,357
18,Удмуртская Республика,2026-09-19 01:00:00,135
18,Удмуртская Республика,2026-09-19 02:00:00,85
18,Удмуртская Республика,2026-09-19 03:00:00,96
18,Удмуртская Республика,2026-09-19 04:00:00,121
18,Удмуртская Республика,2026-09-19 05:00:00,331
18,Удмуртская Республика,2026-09-19 06:00:00,972
18,Удмуртская Республика,2026-09-19 07:00:00,2246
18,Удмуртская Республика,2026-09-19 08:00:00,3463
18,Удмуртская Республика,2026-09-19 09:00:00,3711
18,Удмуртская Республика,2026-09-19 10:00:00,6750
18,Удмуртская Республика,2026-09-19 11:00:00,4202
18,Удмуртская Республика,2026-09-19 12:00:00,3487
18,Удмуртская Республика,2026-09-19 13:00:00,3023
18,Удмуртская Республика,2026-09-19 14:00:00,2617
18,Удмуртская Республика,2026-09-19 15:00:00,2125
18,Удмуртская Республика,2026-09-19 16:00:00,2116
18,Удмуртская Республика,2026-09-19 17:00:00,2131
18,Удмуртская Республика,2026-09-19 18:00:00,2272
18,Удмуртская Республика,2026-09-19 19:00:00,2548
18,Удмуртская Республика,2026-09-19 20:00:00,1874
18,Удмуртская Республика,2026-09-19 21:00:00,1352
18,Удмуртская Республика,2026-09-19 22:00:00,775
18,Удмуртская Республика,2026-09-19 23:00:00,404
18,Удмуртская Республика,2026-09-20 00:00:00,168
18,Удмуртская Республика,2026-09-20 01:00:00,91
18,Удмуртская Республика,2026-09-20 02:00:00,66
18,Удмуртская Республика,2026-09-20 03:00:00,67
18,Удмуртская Республика,2026-09-20 04:00:00,60
18,Удмуртская Республика,2026-09-20 05:00:00,179
18,Удмуртская Республика,2026-09-20 06:00:00,498
18,Удмуртская Республика,2026-09-20 07:00:00,1346
18,Удмуртская Республика,2026-09-20 08:00:00,2232
18,Удмуртская Республика,2026-09-20 09:00:00,2913
18,Удмуртская Республика,2026-09-20 10:00:00,4086
18,Удмуртская Республика,2026-09-20 11:00:00,2975
18,Удмуртская Республика,2026-09-20 12:00:00,2555
18,Удмуртская Республика,2026-09-20 13:00:00,2308
18,Удмуртская Республика,2026-09-20 14:00:00,1873
18,Удмуртская Республика,2026-09-20 15:00:00,1567
18,Удмуртская Республика,2026-09-20 16:00:00,1490
18,Удмуртская Республика,2026-09-20 17:00:00,1669
18,Удмуртская Республика,2026-09-20 18:00:00,1841
18,Удмуртская Республика,2026-09-20 19:00:00,767
74,Челябинская область,2026-09-18 06:00:00,56404
74,Челябинская область,2026-09-18 07:00:00,59040
74,Челябинская область,2026-09-18 08:00:00,27780
74,Челябинская область,2026-09-18 09:00:00,20031
74,Челябинская область,2026-09-18 10:00:00,18409
74,Челябинская область,2026-09-18 11:00:00,15819
74,Челябинская область,2026-09-18 12:00:00,11962
74,Челябинская область,2026-09-18 13:00:00,9835
74,Челябинская область,2026-09-18 14:00:00,8302
74,Челябинская область,2026-09-18 15:00:00,8023
74,Челябинская область,2026-09-18 16:00:00,7172
74,Челябинская область,2026-09-18 17:00:00,6191
74,Челябинская область,2026-09-18 18:00:00,5864
74,Челябинская область,2026-09-18 19:00:00,5245
74,Челябинская область,2026-09-18 20:00:00,4072
74,Челябинская область,2026-09-18 21:00:00,2532
74,Челябинская область,2026-09-18 22:00:00,1352
74,Челябинская область,2026-09-18 23:00:00,646
74,Челябинская область,2026-09-19 00:00:00,323
74,Челябинская область,2026-09-19 01:00:00,220
74,Челябинская область,2026-09-19 02:00:00,193
74,Челябинская область,2026-09-19 03:00:00,165
74,Челябинская область,2026-09-19 04:00:00,427
74,Челябинская область,2026-09-19 05:00:00,1227
74,Челябинская область,2026-09-19 06:00:00,2730
74,Челябинская область,2026-09-19 07:00:00,4239
74,Челябинская область,2026-09-19 08:00:00,4788
74,Челябинская область,2026-09-19 09:00:00,4611
74,Челябинская область,2026-09-19 10:00:00,9497
74,Челябинская область,2026-09-19 11:00:00,4799
74,Челябинская область,2026-09-19 12:00:00,3657
74,Челябинская область,2026-09-19 13:00:00,3151
74,Челябинская область,2026-09-19 14:00:00,2646
74,Челябинская область,2026-09-19 15:00:00,2349
74,Челябинская область,2026-09-19 16:00:00,2275
74,Челябинская область,2026-09-19 17:00:00,2198
74,Челябинская область,2026-09-19 18:00:00,2012
74,Челябинская область,2026-09-19 19:00:00,1565
74,Челябинская область,2026-09-19 20:00:00,1281
74,Челябинская область,2026-09-19 21:00:00,830
74,Челябинская область,2026-09-19 22:00:00,651
74,Челябинская область,2026-09-19 23:00:00,362
74,Челябинская область,2026-09-20 00:00:00,201
74,Челябинская область,2026-09-20 01:00:00,125
74,Челябинская область,2026-09-20 02:00:00,105
74,Челябинская область,2026-09-20 03:00:00,104
74,Челябинская область,2026-09-20 04:00:00,248
74,Челябинская область,2026-09-20 05:00:00,680
74,Челябинская область,2026-09-20 06:00:00,1733
74,Челябинская область,2026-09-20 07:00:00,2757
74,Челябинская область,2026-09-20 08:00:00,3441
74,Челябинская область,2026-09-20 09:00:00,3566
74,Челябинская область,2026-09-20 10:00:00,6053
74,Челябинская область,2026-09-20 11:00:00,3505
74,Челябинская область,2026-09-20 12:00:00,2862
74,Челябинская область,2026-09-20 13:00:00,2671
74,Челябинская область,2026-09-20 14:00:00,2283
74,Челябинская область,2026-09-20 15:00:00,2274
74,Челябинская область,2026-09-20 16:00:00,2382
74,Челябинская область,2026-09-20 17:00:00,2412
74,Челябинская область,2026-09-20 18:00:00,1188
21,Чувашская Республика - Чувашия,2026-09-18 08:00:00,83034
21,Чувашская Республика - Чувашия,2026-09-18 09:00:00,117303
21,Чувашская Республика - Чувашия,2026-09-18 10:00:00,78713
21,Чувашская Республика - Чувашия,2026-09-18 11:00:00,50263
21,Чувашская Республика - Чувашия,2026-09-18 12:00:00,34268
21,Чувашская Республика - Чувашия,2026-09-18 13:00:00,27324
21,Чувашская Республика - Чувашия,2026-09-18 14:00:00,20863
21,Чувашская Республика - Чувашия,2026-09-18 15:00:00,17088
21,Чувашская Республика - Чувашия,2026-09-18 16:00:00,14817
21,Чувашская Республика - Чувашия,2026-09-18 17:00:00,17539
21,Чувашская Республика - Чувашия,2026-09-18 18:00:00,13367
21,Чувашская Республика - Чувашия,2026-09-18 19:00:00,13522
21,Чувашская Республика - Чувашия,2026-09-18 20:00:00,10034
21,Чувашская Республика - Чувашия,2026-09-18 21:00:00,8018
21,Чувашская Республика - Чувашия,2026-09-18 22:00:00,5088
21,Чувашская Республика - Чувашия,2026-09-18 23:00:00,2640
21,Чувашская Республика - Чувашия,2026-09-19 00:00:00,1154
21,Чувашская Республика - Чувашия,2026-09-19 01:00:00,462
21,Чувашская Республика - Чувашия,2026-09-19 02:00:00,212
21,Чувашская Республика - Чувашия,2026-09-19 03:00:00,160
21,Чувашская Республика - Чувашия,2026-09-19 04:00:00,182
21,Чувашская Республика - Чувашия,2026-09-19 05:00:00,354
21,Чувашская Республика - Чувашия,2026-09-19 06:00:00,1023
21,Чувашская Республика - Чувашия,2026-09-19 07:00:00,2704
21,Чувашская Республика - Чувашия,2026-09-19 08:00:00,4844
21,Чувашская Республика - Чувашия,2026-09-19 09:00:00,7558
21,Чувашская Республика - Чувашия,2026-09-19 10:00:00,7755
21,Чувашская Республика - Чувашия,2026-09-19 11:00:00,7343
21,Чувашская Республика - Чувашия,2026-09-19 12:00:00,7271
21,Чувашская Республика - Чувашия,2026-09-19 13:00:00,5199
21,Чувашская Республика - Чувашия,2026-09-19 14:00:00,4561
21,Чувашская Республика - Чувашия,2026-09-19 15:00:00,4058
21,Чувашская Республика - Чувашия,2026-09-19 16:00:00,3667
21,Чувашская Республика - Чувашия,2026-09-19 17:00:00,3345
21,Чувашская Республика - Чувашия,2026-09-19 18:00:00,3468
21,Чувашская Республика - Чувашия,2026-09-19 19:00:00,3871
21,Чувашская Республика - Чувашия,2026-09-19 20:00:00,3336
21,Чувашская Республика - Чувашия,2026-09-19 21:00:00,2557
21,Чувашская Республика - Чувашия,2026-09-19 22:00:00,1776
21,Чувашская Республика - Чувашия,2026-09-19 23:00:00,1178
21,Чувашская Республика - Чувашия,2026-09-20 00:00:00,730
21,Чувашская Республика - Чувашия,2026-09-20 01:00:00,304
21,Чувашская Республика - Чувашия,2026-09-20 02:00:00,168
21,Чувашская Республика - Чувашия,2026-09-20 03:00:00,137
21,Чувашская Республика - Чувашия,2026-09-20 04:00:00,133
21,Чувашская Республика - Чувашия,2026-09-20 05:00:00,172
21,Чувашская Республика - Чувашия,2026-09-20 06:00:00,507
21,Чувашская Республика - Чувашия,2026-09-20 07:00:00,1325
21,Чувашская Республика - Чувашия,2026-09-20 08:00:00,2843
21,Чувашская Республика - Чувашия,2026-09-20 09:00:00,4558
21,Чувашская Республика - Чувашия,2026-09-20 10:00:00,5199
21,Чувашская Республика - Чувашия,2026-09-20 11:00:00,4921
21,Чувашская Республика - Чувашия,2026-09-20 12:00:00,4749
21,Чувашская Республика - Чувашия,2026-09-20 13:00:00,4103
21,Чувашская Республика - Чувашия,2026-09-20 14:00:00,4780
21,Чувашская Республика - Чувашия,2026-09-20 15:00:00,3663
21,Чувашская Республика - Чувашия,2026-09-20 16:00:00,3202
21,Чувашская Республика - Чувашия,2026-09-20 17:00:00,3380
21,Чувашская Республика - Чувашия,2026-09-20 18:00:00,3500
21,Чувашская Республика - Чувашия,2026-09-20 19:00:00,3774
21,Чувашская Республика - Чувашия,2026-09-20 20:00:00,1648
76,Ярославская область,2026-09-18 08:00:00,18852
76,Ярославская область,2026-09-18 09:00:00,26872
76,Ярославская область,2026-09-18 10:00:00,18398
76,Ярославская область,2026-09-18 11:00:00,13270
76,Ярославская область,2026-09-18 12:00:00,9368
76,Ярославская область,2026-09-18 13:00:00,7248
76,Ярославская область,2026-09-18 14:00:00,6078
76,Ярославская область,2026-09-18 15:00:00,5304
76,Ярославская область,2026-09-18 16:00:00,4862
76,Ярославская область,2026-09-18 17:00:00,6138
76,Ярославская область,2026-09-18 18:00:00,4350
76,Ярославская область,2026-09-18 19:00:00,3734
76,Ярославская область,2026-09-18 20:00:00,2886
76,Ярославская область,2026-09-18 21:00:00,2170
76,Ярославская область,2026-09-18 22:00:00,1468
76,Ярославская область,2026-09-18 23:00:00,888
76,Ярославская область,2026-09-19 00:00:00,404
76,Ярославская область,2026-09-19 01:00:00,214
76,Ярославская область,2026-09-19 02:00:00,78
76,Ярославская область,2026-09-19 03:00:00,44
76,Ярославская область,2026-09-19 04:00:00,48
76,Ярославская область,2026-09-19 05:00:00,70
76,Ярославская область,2026-09-19 06:00:00,178
76,Ярославская область,2026-09-19 07:00:00,472
76,Ярославская область,2026-09-19 08:00:00,1046
76,Ярославская область,2026-09-19 09:00:00,1558
76,Ярославская область,2026-09-19 10:00:00,1728
76,Ярославская область,2026-09-19 11:00:00,2178
76,Ярославская область,2026-09-19 12:00:00,2172
76,Ярославская область,2026-09-19 13:00:00,1334
76,Ярославская область,2026-09-19 14:00:00,1220
76,Ярославская область,2026-09-19 15:00:00,1042
76,Ярославская область,2026-09-19 16:00:00,1096
76,Ярославская область,2026-09-19 17:00:00,974
76,Ярославская область,2026-09-19 18:00:00,926
76,Ярославская область,2026-09-19 19:00:00,896
76,Ярославская область,2026-09-19 20:00:00,778
76,Ярославская область,2026-09-19 21:00:00,660
76,Ярославская область,2026-09-19 22:00:00,536
76,Ярославская область,2026-09-19 23:00:00,346
76,Ярославская область,2026-09-20 00:00:00,210
76,Ярославская область,2026-09-20 01:00:00,130
76,Ярославская область,2026-09-20 02:00:00,44
76,Ярославская область,2026-09-20 03:00:00,30
76,Ярославская область,2026-09-20 04:00:00,26
76,Ярославская область,2026-09-20 05:00:00,34
76,Ярославская область,2026-09-20 06:00:00,110
76,Ярославская область,2026-09-20 07:00:00,260
76,Ярославская область,2026-09-20 08:00:00,600
76,Ярославская область,2026-09-20 09:00:00,1174
76,Ярославская область,2026-09-20 10:00:00,1290
76,Ярославская область,2026-09-20 11:00:00,1344
76,Ярославская область,2026-09-20 12:00:00,1276
76,Ярославская область,2026-09-20 13:00:00,1142
76,Ярославская область,2026-09-20 14:00:00,1638
76,Ярославская область,2026-09-20 15:00:00,1142
76,Ярославская область,2026-09-20 16:00:00,864
76,Ярославская область,2026-09-20 17:00:00,954
76,Ярославская область,2026-09-20 18:00:00,942
76,Ярославская область,2026-09-20 19:00:00,1020
76,Ярославская область,2026-09-20 20:00:00,460
