code,region,list,ballots,first_hour,uik100,removed,unpaired,turnout,er,urban,old,pop,unemp,income,inet,inet_daily,bband,uptake
22,Алтайский край,249503,227371,27.3,0.6018916595012898,1.1509143925707586,1.104818402783847,91.12956557636582,52.35707653534951,58.5,24.9,2115.3,3.4,33188.78203714172,91.9,85.2,85.4,11.795159079090435
29,Архангельская область,85991,78976,18.2,0.0,0.6963530960574635,0.8233370642320104,91.84216952936936,42.86059281102242,78.1,26.1,955.9,2.7,50209.259462679605,92.8,85.9,94.4,8.995815461868396
31,Белгородская область,127558,115678,21.1,0.3754693366708385,0.9589030459729956,0.6487342225944159,90.68658962981546,45.38342108230478,65.3,26.1,1500.7,2.9,44259.39864168248,94.0,87.5,86.7,8.4999000466449
33,Владимирская область,80241,72795,21.4,0.0,0.5650767686531097,0.876860055752593,90.72045463042583,47.58593092409377,77.6,27.3,1309.9,1.9,37893.333213837934,91.1,85.2,84.8,6.125734788915184
35,Вологодская область,55786,50320,19.2,0.2531645569620253,0.9481534090909092,0.9877660647262254,90.20184275624707,32.10329894026783,72.7,24.9,1121.4,2.5,41341.788509958365,92.8,87.4,87.3,4.974674514000356
39,Калининградская область,71083,64066,22.7,0.0,1.4474468645583485,1.1029069999070384,90.12844139949074,53.51746190983761,76.5,23.4,1033.9,2.5,42569.33472147396,95.4,86.9,93.6,6.875229712738175
40,Калужская область,77446,70704,20.9,0.2358490566037736,1.7020574460253597,0.6187768725956055,91.29457944890632,49.3687764191892,74.8,25.3,1068.4,1.5,42909.14097986994,93.2,80.9,79.2,7.24878322725571
44,Костромская область,35639,33072,26.1,0.0,1.170239316713347,0.5622569190011806,92.7972165324504,48.140959543883056,74.5,27.8,566.3,2.4,40641.37542598646,92.2,84.9,83.7,6.293307434222144
45,Курганская область,34743,31010,32.5,0.3937007874015748,0.8900299529311082,0.7128037937166543,89.2553895748784,42.48414649928821,64.4,28.0,753.0,2.8,32888.743238067735,94.7,87.5,86.4,4.61394422310757
48,Липецкая область,88144,81246,22.0,0.2325581395348837,0.3955070400253124,0.94589272087241,92.17416954075148,48.92283733175127,62.9,26.1,1116.3,2.1,41662.02493489265,93.7,86.2,87.8,7.896085281734301
49,Магаданская область,8110,7228,19.8,0.0,1.5179113539769278,3.438018815716659,89.1245376078915,47.16550049978581,96.5,19.1,133.4,2.6,94842.12320140784,96.2,94.0,95.2,6.079460269865067
50,Московская область,727390,666330,16.4,0.1327668613913967,0.6574670447033887,0.9634071659638144,91.60560359642008,53.47569971352922,78.0,21.9,8651.3,1.7,60350.46573485554,98.4,91.0,90.9,8.407869337556205
51,Мурманская область,46154,41520,14.9,0.0,1.0780804595237583,0.9720936384076228,89.95970013433289,43.74879040061931,93.0,20.6,656.4,2.6,69675.37050244269,95.5,88.5,90.7,7.031383302864107
83,Ненецкий автономный округ,5264,4881,15.2,0.0,0.7167106752168992,1.0167102879001355,92.7241641337386,52.73930121976432,74.8,17.8,42.2,5.0,101364.33091712174,94.1,83.8,90.8,12.4739336492891
52,Нижегородская область,159302,142009,17.1,0.1624695369618196,0.753219405523609,1.194859495306655,89.14451795959874,46.22268440897869,80.0,26.0,3060.3,1.3,46220.35973063296,94.5,87.6,86.9,5.20543737542071
53,Новгородская область,52583,49650,27.1,1.3157894736842106,0.4373840269625478,0.6399798590130956,94.42215164596922,50.9300587724436,73.2,26.8,571.4,1.4,37201.97428089668,95.3,89.1,90.6,9.202485124256214
54,Новосибирская область,189904,170979,23.0,0.1926782273603083,1.92530160304082,0.7584758641651201,90.03443845311315,49.66300314686957,79.8,23.2,2789.5,2.8,44790.10775592617,93.3,90.2,88.5,6.807815020613013
90,Пермский край,153127,134469,22.5,0.0945179584120983,1.6089339527472033,1.472009895461179,87.81534282001215,38.137989855007405,75.8,23.4,2495.3,2.2,41280.93644092753,94.6,86.9,88.7,6.136616839658558
60,Псковская область,53732,49667,19.7,0.0,0.109683776096373,0.9194883370955642,92.43467579840691,51.61101228978008,70.8,27.8,581.1,2.3,37104.74652280208,88.1,82.4,80.1,9.246601273446911
2,Республика Алтай,31105,28213,24.9,0.6493506493506493,1.4666751140395338,0.7081953350715264,90.70245941167016,60.36465937822727,30.6,17.3,210.8,7.3,31972.36664724133,95.7,91.3,93.2,14.755692599620494
10,Республика Карелия,35920,32102,17.6,0.0,1.494583847525024,1.146942727340439,89.37082405345211,36.72491544532131,79.9,27.1,523.9,4.1,49843.02455531109,92.6,86.0,86.5,6.856270280587898
11,Республика Коми,78464,70927,26.1,0.2531645569620253,2.887483446167556,0.6916497278419698,90.3943209624796,41.969073185914574,77.9,23.0,720.6,3.7,49173.61194055066,91.8,89.4,87.9,10.888703857896198
93,Республика Крым,84488,75158,19.2,0.0,1.107287496781141,1.009267733078978,88.95701164662437,56.68574332094242,50.2,25.1,1909.5,2.7,32215.41540619833,96.3,88.1,91.2,4.424613773239068
12,Республика Марий Эл,79505,74598,30.1,0.7352941176470589,1.9763771761108648,0.6277487981998564,93.82806112823091,54.27453300878173,69.1,24.6,669.8,2.3,29577.892871538927,94.6,89.5,79.9,11.86996118244252
61,Ростовская область,272000,238856,18.9,0.2365464222353636,0.0547494203542912,0.8103161484432464,87.81470588235294,49.028055059367446,67.8,24.9,4152.5,2.4,42516.623337476834,96.0,90.6,89.6,6.550270921131848
66,Свердловская область,332006,301437,28.3,0.0,0.7494477045735143,0.9181911231776696,90.79263627765764,47.08199581762724,85.9,23.5,4222.7,1.8,48472.551913345465,92.5,88.7,83.8,7.862410306202193
67,Смоленская область,109037,102067,28.7,0.8281573498964804,2.725439817292938,0.4879148010620504,93.60767445912856,54.65944014060306,72.7,27.3,864.0,2.6,40175.78961834259,92.8,79.2,81.7,12.620023148148148
70,Томская область,96430,87721,25.2,0.2217294900221729,0.8758043625747826,0.866763477945176,90.96857824328528,49.47858835380442,71.2,22.4,1043.4,3.3,38435.03197906327,93.5,90.2,87.2,9.241901475944028
18,Удмуртская Республика,136550,127318,23.6,0.5263157894736842,0.958860392247882,0.7339727951064523,93.23910655437568,53.23898602913945,65.8,23.6,1434.6,1.7,38528.77144918527,89.5,82.5,82.2,9.51833263627492
74,Челябинская область,199175,176206,25.2,0.0,0.665802204378834,0.7557811618725374,88.46793021212501,37.11899838798794,82.5,23.7,3395.8,1.9,38424.1944910301,92.4,86.5,91.4,5.865333647446846
21,Чувашская Республика - Чувашия,170783,160942,23.1,4.823989569752282,0.3878727077597872,0.7673664077805231,94.237716868775,58.64101284769864,64.5,24.3,1167.1,2.1,31953.918814902638,91.1,83.8,81.9,14.633107702853223
76,Ярославская область,90170,83287,20.2,0.0,0.2996428610917614,0.6279491397216841,92.3666407896196,46.86634057010674,80.8,26.1,1187.6,3.1,42287.02154668578,90.5,86.4,83.0,7.592623779050185
